INSERT INTO `adresse`
VALUES (
  '8d08e0ea-56b6-4764-93c2-e4d945bbc021'
  ,'2016-05-31 09:17:36'
  ,'2016-05-31 09:17:36'
  ,'anonymous'
  ,'anonymous'
  ,0
  ,NULL
  ,'1000-01-01'
  ,'9999-12-31'
  ,'3'
  ,'PW'
  ,'Bern'
  ,'3003'
  ,'Bahnhofstrasse'
  ,'Quidem debitis molestiae ullamco hic sequi odio voluptatibus maiores voluptate vero libero aliquam quisquam dolore'
)
  ,(
  '9c0157ba-2c2d-49f0-ab61-2363ce18204a'
  ,'2016-05-31 09:17:36'
  ,'2016-05-31 09:17:36'
  ,'anonymous'
  ,'anonymous'
  ,0
  ,NULL
  ,'1000-01-01'
  ,'9999-12-31'
  ,'2'
  ,'PW'
  ,'Bern'
  ,'3002'
  ,'Breitenrain'
  ,'Quidem debitis molestiae ullamco hic sequi odio voluptatibus maiores voluptate vero libero aliquam quisquam dolore'
)
  ,(
  'df293958-1125-4f78-bec3-97df287de9cd'
  ,'2016-05-31 09:17:36'
  ,'2016-05-31 09:17:36'
  ,'anonymous'
  ,'anonymous'
  ,0
  ,NULL
  ,'1000-01-01'
  ,'9999-12-31'
  ,'5'
  ,'PW'
  ,'Bern'
  ,'3005'
  ,'Worbstrasse'
  ,'Quidem debitis molestiae ullamco hic sequi odio voluptatibus maiores voluptate vero libero aliquam quisquam dolore'
)
  ,(
  'efce0c7a-5c7e-4037-818b-c7ee00558884'
  ,'2016-05-31 09:17:36'
  ,'2016-05-31 09:17:36'
  ,'anonymous'
  ,'anonymous'
  ,0
  ,NULL
  ,'1000-01-01'
  ,'9999-12-31'
  ,'1'
  ,'PW'
  ,'Bern'
  ,'3001'
  ,'Länggasse'
  ,'Quidem debitis molestiae ullamco hic sequi odio voluptatibus maiores voluptate vero libero aliquam quisquam dolore'
)
  ,(
  'f63e05b9-e066-4aec-8222-4e15f382fc70'
  ,'2016-05-31 09:17:36'
  ,'2016-05-31 09:17:36'
  ,'anonymous'
  ,'anonymous'
  ,0
  ,NULL
  ,'1000-01-01'
  ,'9999-12-31'
  ,'4'
  ,'PW'
  ,'Bern'
  ,'3004'
  ,'Könizweg'
  ,'Quidem debitis molestiae ullamco hic sequi odio voluptatibus maiores voluptate vero libero aliquam quisquam dolore'
);

INSERT INTO `ebegu_parameter`
VALUES (
  '06c1e5d5-48c0-4f2d-af25-251b15de8ceb'
  ,'2016-06-03 10:16:38'
  ,'2016-06-03 10:20:59'
  ,'flyway'
  ,'flyway'
  ,0
  ,'2016-08-01'
  ,'2017-07-31'
  ,'PARAM_PENSUM_TAGESELTERN_MIN'
  ,'20'
)
  ,(
  '06c1e5d5-48c0-4f2d-af25-251b15de8cec'
  ,'2016-06-03 10:16:38'
  ,'2016-06-03 10:20:59'
  ,'flyway'
  ,'flyway'
  ,0
  ,'2016-08-01'
  ,'2017-07-31'
  ,'PARAM_PENSUM_TAGESSCHULE_MIN'
  ,'0'
)
  ,(
  '1ea4f569-4705-4165-8e00-4d78395817d4'
  ,'2016-06-03 10:16:34'
  ,'2016-06-03 10:20:57'
  ,'flyway'
  ,'flyway'
  ,0
  ,'2016-08-01'
  ,'2017-07-31'
  ,'PARAM_ANZAHL_TAGE_KANTON'
  ,'240'
)
  ,(
  '3ee7d728-551d-4085-989a-846f092fbdf4'
  ,'2016-06-03 10:16:38'
  ,'2016-06-03 10:20:57'
  ,'flyway'
  ,'flyway'
  ,0
  ,'2016-08-01'
  ,'2017-07-31'
  ,'PARAM_PENSUM_KITA_MIN'
  ,'10'
)
  ,(
  '4fbd62ed-38db-48fd-9b98-3d3363f23257'
  ,'2016-06-03 10:16:34'
  ,'2016-06-03 10:20:57'
  ,'flyway'
  ,'flyway'
  ,0
  ,'2016-08-01'
  ,'2017-07-31'
  ,'PARAM_PENSUM_TAGI_MIN'
  ,'60'
)
  ,(
  '5676f112-e16b-4356-b6d6-6c80082c6de1'
  ,'2016-06-03 10:16:36'
  ,'2016-06-03 10:20:55'
  ,'flyway'
  ,'flyway'
  ,0
  ,'2016-08-01'
  ,'2017-07-31'
  ,'PARAM_KOSTEN_PRO_STUNDE_MAX'
  ,'11.91'
)
  ,(
  '56a7e7db-3503-46b7-b41f-18216c0ec787'
  ,'2016-06-03 10:16:34'
  ,'2016-06-03 10:20:57'
  ,'flyway'
  ,'flyway'
  ,0
  ,'2016-08-01'
  ,'2017-07-31'
  ,'PARAM_MASSGEBENDES_EINKOMMEN_MIN'
  ,'42540'
)
  ,(
  '5de5b68b-127b-487d-b4a4-7c6539d4b3be'
  ,'2016-06-03 10:16:34'
  ,'2016-06-03 10:20:58'
  ,'flyway'
  ,'flyway'
  ,0
  ,'2016-08-01'
  ,'2017-07-31'
  ,'PARAM_MASSGEBENDES_EINKOMMEN_MAX'
  ,'158690'
)
  ,(
  '606551d2-d55b-4407-bf69-c3080fe8c50b'
  ,'2016-06-03 10:16:11'
  ,'2016-06-03 10:20:56'
  ,'flyway'
  ,'flyway'
  ,0
  ,'2016-08-01'
  ,'2017-07-31'
  ,'PARAM_KOSTEN_PRO_STUNDE_MAX_TAGESELTERN'
  ,'9.16'
)
  ,(
  '6c7af5ff-58f7-4e8f-9e70-9009bb1f1b92'
  ,'2016-06-03 10:16:37'
  ,'2016-06-03 10:20:58'
  ,'flyway'
  ,'flyway'
  ,0
  ,'2016-08-01'
  ,'2017-07-31'
  ,'PARAM_PAUSCHALABZUG_PRO_PERSON_FAMILIENGROESSE_3'
  ,'3760'
)
  ,(
  '71a6c200-f249-4796-8784-10376a9fbd67'
  ,'2016-06-03 10:16:37'
  ,'2016-06-03 10:20:59'
  ,'flyway'
  ,'flyway'
  ,0
  ,'2016-08-01'
  ,'2017-07-31'
  ,'PARAM_PAUSCHALABZUG_PRO_PERSON_FAMILIENGROESSE_4'
  ,'5900'
)
  ,(
  '76d45a75-10ab-46a3-ac24-ce1f50268519'
  ,'2016-06-03 10:16:39'
  ,'2016-06-03 10:16:39'
  ,'flyway'
  ,'flyway'
  ,0
  ,'2016-01-01'
  ,'2016-12-31'
  ,'PARAM_ABGELTUNG_PRO_TAG_KANTON'
  ,'107.19'
)
  ,(
  '97eed21d-5c4e-4883-a2ac-1a0d9f17e5b6'
  ,'2016-06-03 10:16:38'
  ,'2016-06-03 10:20:59'
  ,'flyway'
  ,'flyway'
  ,0
  ,'2016-08-01'
  ,'2017-07-31'
  ,'PARAM_PAUSCHALABZUG_PRO_PERSON_FAMILIENGROESSE_5'
  ,'6970'
)
  ,(
  '990591a5-62d5-4c28-9b86-6bf7f28552ad'
  ,'2016-06-03 10:16:11'
  ,'2016-06-03 10:20:56'
  ,'flyway'
  ,'flyway'
  ,0
  ,'2016-08-01'
  ,'2017-07-31'
  ,'PARAM_ANZAL_TAGE_MAX_KITA'
  ,'244'
)
  ,(
  '9f373467-8a47-4bb1-9764-1399112f9638'
  ,'2016-06-03 10:16:34'
  ,'2016-06-03 10:20:58'
  ,'flyway'
  ,'flyway'
  ,0
  ,'2016-08-01'
  ,'2017-07-31'
  ,'PARAM_STUNDEN_PRO_TAG_TAGI'
  ,'7'
)
  ,(
  'a4732a56-3050-40b6-8238-e668e98e8f18'
  ,'2016-06-03 10:16:11'
  ,'2016-06-03 10:20:56'
  ,'flyway'
  ,'flyway'
  ,0
  ,'2016-08-01'
  ,'2017-07-31'
  ,'PARAM_STUNDEN_PRO_TAG_MAX_KITA'
  ,'11.5'
)
  ,(
  'a5cd4af5-52d0-4831-b596-7f7507aab973'
  ,'2016-06-03 10:16:11'
  ,'2016-06-03 10:20:56'
  ,'flyway'
  ,'flyway'
  ,0
  ,'2016-08-01'
  ,'2017-07-31'
  ,'PARAM_FIXBETRAG_STADT_PRO_TAG_KITA'
  ,'7.00'
)
  ,(
  'c4877e99-c465-42ee-9299-207f9f546dc2'
  ,'2016-06-03 10:16:39'
  ,'2016-06-03 10:20:58'
  ,'flyway'
  ,'flyway'
  ,0
  ,'2016-08-01'
  ,'2017-07-31'
  ,'PARAM_MAX_TAGE_ABWESENHEIT'
  ,'30'
)
  ,(
  'ccda60ff-7d67-4a65-be2c-db03bab1a9d5'
  ,'2016-06-03 10:16:11'
  ,'2016-06-03 10:20:56'
  ,'flyway'
  ,'flyway'
  ,0
  ,'2016-08-01'
  ,'2017-07-31'
  ,'PARAM_KOSTEN_PRO_STUNDE_MIN'
  ,'0.75'
)
  ,(
  'ccdd3efd-e829-4b3c-bc1c-28c8c3a463a2'
  ,'2016-06-03 10:16:37'
  ,'2016-06-03 10:20:58'
  ,'flyway'
  ,'flyway'
  ,0
  ,'2016-08-01'
  ,'2017-07-31'
  ,'PARAM_PAUSCHALABZUG_PRO_PERSON_FAMILIENGROESSE_6'
  ,'7500'
);

INSERT INTO `fachstelle`
VALUES (
  '1d1dd5db-32f1-11e6-8ae4-ccee479414a5'
  ,'2016-06-15 14:03:04'
  ,'2016-06-15 14:03:04'
  ,'anonymous'
  ,'anonymous'
  ,0
  ,'\0'
  ,'Kindesschutzbehörde'
  ,'Kindesschutzbehörde'
)
  ,(
  '1d1dddfe-32f1-11e6-8ae4-ccee479414a5'
  ,'2016-06-15 14:03:04'
  ,'2016-06-15 14:03:04'
  ,'anonymous'
  ,'anonymous'
  ,0
  ,'\0'
  ,'Amt für Erwachsenen- und Kindesschutz der Stadt Bern'
  ,'Erwachsenen-&Kindesschutz'
)
  ,(
  '1d1de134-32f1-11e6-8ae4-ccee479414a5'
  ,'2016-06-15 14:03:04'
  ,'2016-06-15 14:03:04'
  ,'anonymous'
  ,'anonymous'
  ,0
  ,'\0'
  ,'Sozialdienst der Stadt Bern'
  ,'Sozialdienst'
)
  ,(
  '1d1de323-32f1-11e6-8ae4-ccee479414a5'
  ,'2016-06-15 14:03:04'
  ,'2016-06-15 14:03:04'
  ,'anonymous'
  ,'anonymous'
  ,0
  ,'\0'
  ,'Gesundheitsdienst der Stadt Bern'
  ,'Gesundheitsdienst'
)
  ,(
  '1d1de5c0-32f1-11e6-8ae4-ccee479414a5'
  ,'2016-06-15 14:03:04'
  ,'2016-06-15 14:03:04'
  ,'anonymous'
  ,'anonymous'
  ,0
  ,'\0'
  ,'Erziehungsberatung des Kantons Bern (Bereich Früherziehungsdienst ebenfalls für Kinder mit Behinderung)'
  ,'Erziehungsberatung Kanton (Soziale Indikation)'
)
  ,(
  '1d1de839-32f1-11e6-8ae4-ccee479414a5'
  ,'2016-06-15 14:03:04'
  ,'2016-06-15 14:03:04'
  ,'anonymous'
  ,'anonymous'
  ,0
  ,'\0'
  ,'Erziehungsberatung Kanton (Erweiterte Bedürfnisse)'
  ,'Erziehungsberatung Kanton (Erweiterte Bedürfnisse)'
)
  ,(
  '1d1dea0a-32f1-11e6-8ae4-ccee479414a5'
  ,'2016-06-15 14:03:04'
  ,'2016-06-15 14:03:04'
  ,'anonymous'
  ,'anonymous'
  ,0
  ,'\0'
  ,'Fachbereich Asyl und Sozialhilfe des Kompetenzzentrums Integration der Stadt Bern'
  ,'Kompetenzzentrum Integration'
)
  ,(
  '1d1dedc0-32f1-11e6-8ae4-ccee479414a5'
  ,'2016-06-15 14:03:04'
  ,'2016-06-15 14:03:04'
  ,'anonymous'
  ,'anonymous'
  ,0
  ,'\0'
  ,'SRK'
  ,'SRK'
)
  ,(
  '1d1def8c-32f1-11e6-8ae4-ccee479414a5'
  ,'2016-06-15 14:03:04'
  ,'2016-06-15 14:03:04'
  ,'anonymous'
  ,'anonymous'
  ,0
  ,'\0'
  ,'HEKS'
  ,'HEKS'
)
  ,(
  '1d1df238-32f1-11e6-8ae4-ccee479414a5'
  ,'2016-06-15 14:03:04'
  ,'2016-06-15 14:03:04'
  ,'anonymous'
  ,'anonymous'
  ,0
  ,'\0'
  ,'Caritas'
  ,'Caritas'
)
  ,(
  '1d1df3e4-32f1-11e6-8ae4-ccee479414a5'
  ,'2016-06-15 14:03:04'
  ,'2016-06-15 14:03:04'
  ,'anonymous'
  ,'anonymous'
  ,0
  ,'\0'
  ,'Andere Fachstelle'
  ,'Andere Fachstelle'
);

INSERT INTO `gesuchsperiode`
VALUES (
  '0621fb5d-a187-5a91-abaf-8a813c4d263a'
  ,'2016-05-30 16:39:38'
  ,'2016-05-30 16:39:38'
  ,'anonymous'
  ,'anonymous'
  ,0
  ,'2016-08-01'
  ,'2017-07-31'
  ,1
);

INSERT INTO `mandant`
VALUES (
  'e3736eb8-6eef-40ef-9e52-96ab48d8f220'
  ,'2016-04-25 16:22:22'
  ,'2016-04-25 16:22:26'
  ,'anonym'
  ,'anonym'
  ,0
  ,'TestMandant'
);

INSERT INTO `traegerschaft`
VALUES (
  '71cba831-f044-44e2-a8a2-21376da8a959'
  ,'2016-05-19 17:22:37'
  ,'2016-05-19 17:22:37'
  ,'anonymous'
  ,'anonymous'
  ,0
  ,'TEST-Traegerschaft'
);

INSERT INTO `institution`
VALUES (
  '1339bf45-d69e-4e30-ba40-036238c4e47b'
  ,'2016-05-19 17:27:23'
  ,'2016-05-19 17:27:23'
  ,'anonymous'
  ,'anonymous'
  ,0
  ,'Inst-Imanol'
  ,'e3736eb8-6eef-40ef-9e52-96ab48d8f220'
  ,'71cba831-f044-44e2-a8a2-21376da8a959'
  ,1
)
  ,(
  '7ec09189-de4b-4c87-afcc-1f24f55e6dcd'
  ,'2016-05-19 17:27:32'
  ,'2016-05-19 17:27:32'
  ,'anonymous'
  ,'anonymous'
  ,0
  ,'Tagesschule Nussbaumstr'
  ,'e3736eb8-6eef-40ef-9e52-96ab48d8f220'
  ,'71cba831-f044-44e2-a8a2-21376da8a959'
  ,1
)
  ,(
  '9253e9b1-9cae-4278-b578-f1ce93306d29'
  ,'2016-05-19 17:27:32'
  ,'2016-05-19 17:27:32'
  ,'anonymous'
  ,'anonymous'
  ,0
  ,'Inst-Juan'
  ,'e3736eb8-6eef-40ef-9e52-96ab48d8f220'
  ,'71cba831-f044-44e2-a8a2-21376da8a959'
  ,1
);

INSERT INTO `institution_stammdaten`
VALUES (
  '0621fb5d-a187-4a91-abaf-87812c4d261a'
  ,'2016-05-19 17:29:31'
  ,'2016-05-19 17:29:31'
  ,'anonymous'
  ,'anonymous'
  ,0
  ,'2015-01-01'
  ,'2018-01-01'
  ,'TAGI'
  ,'ES123456789'
  ,12.00
  ,150.00
  ,'1339bf45-d69e-4e30-ba40-036238c4e47b'
  ,'efce0c7a-5c7e-4037-818b-c7ee00558884'
)
  ,(
  '480f3e81-59d0-4c2a-9f85-0f9aafbe18fc'
  ,'2016-05-19 17:29:19'
  ,'2016-05-19 17:29:19'
  ,'anonymous'
  ,'anonymous'
  ,0
  ,'2015-01-01'
  ,'2018-01-01'
  ,'KITA'
  ,'CH123456789'
  ,12.00
  ,150.00
  ,'1339bf45-d69e-4e30-ba40-036238c4e47b'
  ,'9c0157ba-2c2d-49f0-ab61-2363ce18204a'
)
  ,(
  '70564bf2-793b-44ef-ab20-16660e4f7303'
  ,'2016-05-19 17:30:36'
  ,'2016-05-19 17:30:36'
  ,'anonymous'
  ,'anonymous'
  ,0
  ,'2015-01-01'
  ,'2018-01-01'
  ,'TAGESELTERN'
  ,'ES999999999'
  ,12.00
  ,150.00
  ,'9253e9b1-9cae-4278-b578-f1ce93306d29'
  ,'8d08e0ea-56b6-4764-93c2-e4d945bbc021'
)
  ,(
  'c10405d6-a905-4879-bb38-fca4cbb3f06f'
  ,'2016-05-19 17:30:12'
  ,'2016-05-19 17:30:12'
  ,'anonymous'
  ,'anonymous'
  ,0
  ,'2015-01-01'
  ,'2018-01-01'
  ,'TAGI'
  ,'ES11111111'
  ,12.00
  ,150.00
  ,'9253e9b1-9cae-4278-b578-f1ce93306d29'
  ,'f63e05b9-e066-4aec-8222-4e15f382fc70'
)
  ,(
  'd01d7843-0ccb-48a0-ae9e-95bba502ecda'
  ,'2016-05-19 17:30:12'
  ,'2016-05-19 17:30:12'
  ,'anonymous'
  ,'anonymous'
  ,0
  ,'2015-01-01'
  ,'2018-01-01'
  ,'TAGESSCHULE'
  ,'CH123456789'
  ,12.00
  ,150.00
  ,'7ec09189-de4b-4c87-afcc-1f24f55e6dcd'
  ,'df293958-1125-4f78-bec3-97df287de9cd'
);

