-- TODO (hefr) evt. Testträgerschaft löschen

-- Traegerschaften
INSERT INTO traegerschaft (id, timestamp_erstellt, timestamp_mutiert, user_erstellt, user_mutiert, version, name, active)
VALUES ('11111111-1111-1111-1111-111111111111', '2016-07-26 00:00:00', '2016-07-26 00:00:00', 'flyway', 'flyway', 0,
        'famex' ,1);
INSERT INTO traegerschaft (id, timestamp_erstellt, timestamp_mutiert, user_erstellt, user_mutiert, version, name, active)
VALUES ('11111111-1111-1111-1111-111111111112', '2016-07-26 00:00:00', '2016-07-26 00:00:00', 'flyway', 'flyway', 0,
        'Kinderkrippenverein Bümpliz', 1);
INSERT INTO traegerschaft (id, timestamp_erstellt, timestamp_mutiert, user_erstellt, user_mutiert, version, name, active)
VALUES ('11111111-1111-1111-1111-111111111113', '2016-07-26 00:00:00', '2016-07-26 00:00:00', 'flyway', 'flyway', 0,
        'Stadt Bern', 1);
INSERT INTO traegerschaft (id, timestamp_erstellt, timestamp_mutiert, user_erstellt, user_mutiert, version, name, active)
VALUES ('11111111-1111-1111-1111-111111111114', '2016-07-26 00:00:00', '2016-07-26 00:00:00', 'flyway', 'flyway', 0,
        'leolea', 1);
INSERT INTO traegerschaft (id, timestamp_erstellt, timestamp_mutiert, user_erstellt, user_mutiert, version, name, active)
VALUES ('11111111-1111-1111-1111-111111111115', '2016-07-26 00:00:00', '2016-07-26 00:00:00', 'flyway', 'flyway', 0,
        'Stiftung Kindertagesstätten Bern', 1);
INSERT INTO traegerschaft (id, timestamp_erstellt, timestamp_mutiert, user_erstellt, user_mutiert, version, name, active)
VALUES ('11111111-1111-1111-1111-111111111116', '2016-07-26 00:00:00', '2016-07-26 00:00:00', 'flyway', 'flyway', 0,
        'Verein Kindertagesstätten Murifeld', 1);
INSERT INTO traegerschaft (id, timestamp_erstellt, timestamp_mutiert, user_erstellt, user_mutiert, version, name, active)
VALUES ('11111111-1111-1111-1111-111111111117', '2016-07-26 00:00:00', '2016-07-26 00:00:00', 'flyway', 'flyway', 0,
        'Verein sgf Bern', 1 );

-- Institutionen (nur Kitas)
INSERT INTO institution (id, timestamp_erstellt, timestamp_mutiert, user_erstellt, user_mutiert, version, name, mandant_id, traegerschaft_id, active) VALUES ('11111111-1111-1111-1111-111111111101', '2016-07-26 00:00:00', '2016-07-26 00:00:00', 'flyway', 'flyway', 0, 'Kita Aaregg', 'e3736eb8-6eef-40ef-9e52-96ab48d8f220', '11111111-1111-1111-1111-111111111113', true);
INSERT INTO institution (id, timestamp_erstellt, timestamp_mutiert, user_erstellt, user_mutiert, version, name, mandant_id, traegerschaft_id, active) VALUES ('11111111-1111-1111-1111-111111111102', '2016-07-26 00:00:00', '2016-07-26 00:00:00', 'flyway', 'flyway', 0, 'Kita Altenberg', 'e3736eb8-6eef-40ef-9e52-96ab48d8f220', '11111111-1111-1111-1111-111111111113', true);
INSERT INTO institution (id, timestamp_erstellt, timestamp_mutiert, user_erstellt, user_mutiert, version, name, mandant_id, traegerschaft_id, active) VALUES ('11111111-1111-1111-1111-111111111103', '2016-07-26 00:00:00', '2016-07-26 00:00:00', 'flyway', 'flyway', 0, 'Kita Ausserholligen', 'e3736eb8-6eef-40ef-9e52-96ab48d8f220', '11111111-1111-1111-1111-111111111113', true);
INSERT INTO institution (id, timestamp_erstellt, timestamp_mutiert, user_erstellt, user_mutiert, version, name, mandant_id, traegerschaft_id, active) VALUES ('11111111-1111-1111-1111-111111111104', '2016-07-26 00:00:00', '2016-07-26 00:00:00', 'flyway', 'flyway', 0, 'Kita Bachmätteli', 'e3736eb8-6eef-40ef-9e52-96ab48d8f220', '11111111-1111-1111-1111-111111111114', true);
INSERT INTO institution (id, timestamp_erstellt, timestamp_mutiert, user_erstellt, user_mutiert, version, name, mandant_id, traegerschaft_id, active) VALUES ('11111111-1111-1111-1111-111111111105', '2016-07-26 00:00:00', '2016-07-26 00:00:00', 'flyway', 'flyway', 0, 'Kita Bitzius', 'e3736eb8-6eef-40ef-9e52-96ab48d8f220', '11111111-1111-1111-1111-111111111114', true);
INSERT INTO institution (id, timestamp_erstellt, timestamp_mutiert, user_erstellt, user_mutiert, version, name, mandant_id, traegerschaft_id, active) VALUES ('11111111-1111-1111-1111-111111111106', '2016-07-26 00:00:00', '2016-07-26 00:00:00', 'flyway', 'flyway', 0, 'Kita Breitenrain', 'e3736eb8-6eef-40ef-9e52-96ab48d8f220', '11111111-1111-1111-1111-111111111113', true);
INSERT INTO institution (id, timestamp_erstellt, timestamp_mutiert, user_erstellt, user_mutiert, version, name, mandant_id, traegerschaft_id, active) VALUES ('11111111-1111-1111-1111-111111111107', '2016-07-26 00:00:00', '2016-07-26 00:00:00', 'flyway', 'flyway', 0, 'Kita Brünnen', 'e3736eb8-6eef-40ef-9e52-96ab48d8f220', '11111111-1111-1111-1111-111111111113', true);
INSERT INTO institution (id, timestamp_erstellt, timestamp_mutiert, user_erstellt, user_mutiert, version, name, mandant_id, traegerschaft_id, active) VALUES ('11111111-1111-1111-1111-111111111108', '2016-07-26 00:00:00', '2016-07-26 00:00:00', 'flyway', 'flyway', 0, 'Kita Brünnengut', 'e3736eb8-6eef-40ef-9e52-96ab48d8f220', '11111111-1111-1111-1111-111111111113', true);
INSERT INTO institution (id, timestamp_erstellt, timestamp_mutiert, user_erstellt, user_mutiert, version, name, mandant_id, traegerschaft_id, active) VALUES ('11111111-1111-1111-1111-111111111109', '2016-07-26 00:00:00', '2016-07-26 00:00:00', 'flyway', 'flyway', 0, 'Kita Bümpliz', 'e3736eb8-6eef-40ef-9e52-96ab48d8f220', '11111111-1111-1111-1111-111111111113', true);
INSERT INTO institution (id, timestamp_erstellt, timestamp_mutiert, user_erstellt, user_mutiert, version, name, mandant_id, traegerschaft_id, active) VALUES ('11111111-1111-1111-1111-111111111110', '2016-07-26 00:00:00', '2016-07-26 00:00:00', 'flyway', 'flyway', 0, 'Kita burgunder', 'e3736eb8-6eef-40ef-9e52-96ab48d8f220', '11111111-1111-1111-1111-111111111117', true);
INSERT INTO institution (id, timestamp_erstellt, timestamp_mutiert, user_erstellt, user_mutiert, version, name, mandant_id, traegerschaft_id, active) VALUES ('11111111-1111-1111-1111-111111111111', '2016-07-26 00:00:00', '2016-07-26 00:00:00', 'flyway', 'flyway', 0, 'Kita Coccodrillo', 'e3736eb8-6eef-40ef-9e52-96ab48d8f220', '11111111-1111-1111-1111-111111111111', true);
INSERT INTO institution (id, timestamp_erstellt, timestamp_mutiert, user_erstellt, user_mutiert, version, name, mandant_id, traegerschaft_id, active) VALUES ('11111111-1111-1111-1111-111111111112', '2016-07-26 00:00:00', '2016-07-26 00:00:00', 'flyway', 'flyway', 0, 'Kita crescendo', 'e3736eb8-6eef-40ef-9e52-96ab48d8f220', '11111111-1111-1111-1111-111111111117', true);
INSERT INTO institution (id, timestamp_erstellt, timestamp_mutiert, user_erstellt, user_mutiert, version, name, mandant_id, traegerschaft_id, active) VALUES ('11111111-1111-1111-1111-111111111113', '2016-07-26 00:00:00', '2016-07-26 00:00:00', 'flyway', 'flyway', 0, 'Kita Dählhölzli', 'e3736eb8-6eef-40ef-9e52-96ab48d8f220', '11111111-1111-1111-1111-111111111114', true);
INSERT INTO institution (id, timestamp_erstellt, timestamp_mutiert, user_erstellt, user_mutiert, version, name, mandant_id, traegerschaft_id, active) VALUES ('11111111-1111-1111-1111-111111111114', '2016-07-26 00:00:00', '2016-07-26 00:00:00', 'flyway', 'flyway', 0, 'Kita Dängelibänz', 'e3736eb8-6eef-40ef-9e52-96ab48d8f220', '11111111-1111-1111-1111-111111111114', true);
INSERT INTO institution (id, timestamp_erstellt, timestamp_mutiert, user_erstellt, user_mutiert, version, name, mandant_id, traegerschaft_id, active) VALUES ('11111111-1111-1111-1111-111111111115', '2016-07-26 00:00:00', '2016-07-26 00:00:00', 'flyway', 'flyway', 0, 'Kita Elfenau', 'e3736eb8-6eef-40ef-9e52-96ab48d8f220', null, true);
INSERT INTO institution (id, timestamp_erstellt, timestamp_mutiert, user_erstellt, user_mutiert, version, name, mandant_id, traegerschaft_id, active) VALUES ('11111111-1111-1111-1111-111111111116', '2016-07-26 00:00:00', '2016-07-26 00:00:00', 'flyway', 'flyway', 0, 'Kita falkennest', 'e3736eb8-6eef-40ef-9e52-96ab48d8f220', '11111111-1111-1111-1111-111111111117', true);
INSERT INTO institution (id, timestamp_erstellt, timestamp_mutiert, user_erstellt, user_mutiert, version, name, mandant_id, traegerschaft_id, active) VALUES ('11111111-1111-1111-1111-111111111117', '2016-07-26 00:00:00', '2016-07-26 00:00:00', 'flyway', 'flyway', 0, 'Kita Fantasia', 'e3736eb8-6eef-40ef-9e52-96ab48d8f220', '11111111-1111-1111-1111-111111111112', true);
INSERT INTO institution (id, timestamp_erstellt, timestamp_mutiert, user_erstellt, user_mutiert, version, name, mandant_id, traegerschaft_id, active) VALUES ('11111111-1111-1111-1111-111111111118', '2016-07-26 00:00:00', '2016-07-26 00:00:00', 'flyway', 'flyway', 0, 'Kita Firlifanz', 'e3736eb8-6eef-40ef-9e52-96ab48d8f220', null, true);
INSERT INTO institution (id, timestamp_erstellt, timestamp_mutiert, user_erstellt, user_mutiert, version, name, mandant_id, traegerschaft_id, active) VALUES ('11111111-1111-1111-1111-111111111119', '2016-07-26 00:00:00', '2016-07-26 00:00:00', 'flyway', 'flyway', 0, 'Kita Forsthaus', 'e3736eb8-6eef-40ef-9e52-96ab48d8f220', null, true);
INSERT INTO institution (id, timestamp_erstellt, timestamp_mutiert, user_erstellt, user_mutiert, version, name, mandant_id, traegerschaft_id, active) VALUES ('11111111-1111-1111-1111-111111111120', '2016-07-26 00:00:00', '2016-07-26 00:00:00', 'flyway', 'flyway', 0, 'Kita Himugüegeli', 'e3736eb8-6eef-40ef-9e52-96ab48d8f220', null, true);
INSERT INTO institution (id, timestamp_erstellt, timestamp_mutiert, user_erstellt, user_mutiert, version, name, mandant_id, traegerschaft_id, active) VALUES ('11111111-1111-1111-1111-111111111121', '2016-07-26 00:00:00', '2016-07-26 00:00:00', 'flyway', 'flyway', 0, 'Kita Holenacker', 'e3736eb8-6eef-40ef-9e52-96ab48d8f220', '11111111-1111-1111-1111-111111111113', true);
INSERT INTO institution (id, timestamp_erstellt, timestamp_mutiert, user_erstellt, user_mutiert, version, name, mandant_id, traegerschaft_id, active) VALUES ('11111111-1111-1111-1111-111111111122', '2016-07-26 00:00:00', '2016-07-26 00:00:00', 'flyway', 'flyway', 0, 'Kita im Favorite', 'e3736eb8-6eef-40ef-9e52-96ab48d8f220', null, true);
INSERT INTO institution (id, timestamp_erstellt, timestamp_mutiert, user_erstellt, user_mutiert, version, name, mandant_id, traegerschaft_id, active) VALUES ('11111111-1111-1111-1111-111111111123', '2016-07-26 00:00:00', '2016-07-26 00:00:00', 'flyway', 'flyway', 0, 'Kita Kinderhaus Ginkgo', 'e3736eb8-6eef-40ef-9e52-96ab48d8f220', null, true);
INSERT INTO institution (id, timestamp_erstellt, timestamp_mutiert, user_erstellt, user_mutiert, version, name, mandant_id, traegerschaft_id, active) VALUES ('11111111-1111-1111-1111-111111111124', '2016-07-26 00:00:00', '2016-07-26 00:00:00', 'flyway', 'flyway', 0, 'Kita Kinderort', 'e3736eb8-6eef-40ef-9e52-96ab48d8f220', null, true);
INSERT INTO institution (id, timestamp_erstellt, timestamp_mutiert, user_erstellt, user_mutiert, version, name, mandant_id, traegerschaft_id, active) VALUES ('11111111-1111-1111-1111-111111111125', '2016-07-26 00:00:00', '2016-07-26 00:00:00', 'flyway', 'flyway', 0, 'Kita Kirchenfeld', 'e3736eb8-6eef-40ef-9e52-96ab48d8f220', '11111111-1111-1111-1111-111111111114', true);
INSERT INTO institution (id, timestamp_erstellt, timestamp_mutiert, user_erstellt, user_mutiert, version, name, mandant_id, traegerschaft_id, active) VALUES ('11111111-1111-1111-1111-111111111126', '2016-07-26 00:00:00', '2016-07-26 00:00:00', 'flyway', 'flyway', 0, 'Kita Krokofant', 'e3736eb8-6eef-40ef-9e52-96ab48d8f220', null, true);
INSERT INTO institution (id, timestamp_erstellt, timestamp_mutiert, user_erstellt, user_mutiert, version, name, mandant_id, traegerschaft_id, active) VALUES ('11111111-1111-1111-1111-111111111127', '2016-07-26 00:00:00', '2016-07-26 00:00:00', 'flyway', 'flyway', 0, 'Kita Länggasse', 'e3736eb8-6eef-40ef-9e52-96ab48d8f220', '11111111-1111-1111-1111-111111111115', true);
INSERT INTO institution (id, timestamp_erstellt, timestamp_mutiert, user_erstellt, user_mutiert, version, name, mandant_id, traegerschaft_id, active) VALUES ('11111111-1111-1111-1111-111111111128', '2016-07-26 00:00:00', '2016-07-26 00:00:00', 'flyway', 'flyway', 0, 'Kita Lapurzel', 'e3736eb8-6eef-40ef-9e52-96ab48d8f220', null, true);
INSERT INTO institution (id, timestamp_erstellt, timestamp_mutiert, user_erstellt, user_mutiert, version, name, mandant_id, traegerschaft_id, active) VALUES ('11111111-1111-1111-1111-111111111129', '2016-07-26 00:00:00', '2016-07-26 00:00:00', 'flyway', 'flyway', 0, 'Kita libelle', 'e3736eb8-6eef-40ef-9e52-96ab48d8f220', '11111111-1111-1111-1111-111111111117', true);
INSERT INTO institution (id, timestamp_erstellt, timestamp_mutiert, user_erstellt, user_mutiert, version, name, mandant_id, traegerschaft_id, active) VALUES ('11111111-1111-1111-1111-111111111130', '2016-07-26 00:00:00', '2016-07-26 00:00:00', 'flyway', 'flyway', 0, 'Kita Lorraine', 'e3736eb8-6eef-40ef-9e52-96ab48d8f220', '11111111-1111-1111-1111-111111111113', true);
INSERT INTO institution (id, timestamp_erstellt, timestamp_mutiert, user_erstellt, user_mutiert, version, name, mandant_id, traegerschaft_id, active) VALUES ('11111111-1111-1111-1111-111111111131', '2016-07-26 00:00:00', '2016-07-26 00:00:00', 'flyway', 'flyway', 0, 'Kita Loryplatz', 'e3736eb8-6eef-40ef-9e52-96ab48d8f220', '11111111-1111-1111-1111-111111111114', true);
INSERT INTO institution (id, timestamp_erstellt, timestamp_mutiert, user_erstellt, user_mutiert, version, name, mandant_id, traegerschaft_id, active) VALUES ('11111111-1111-1111-1111-111111111132', '2016-07-26 00:00:00', '2016-07-26 00:00:00', 'flyway', 'flyway', 0, 'Kita Matahari Kirchenfeld', 'e3736eb8-6eef-40ef-9e52-96ab48d8f220', null, true);
INSERT INTO institution (id, timestamp_erstellt, timestamp_mutiert, user_erstellt, user_mutiert, version, name, mandant_id, traegerschaft_id, active) VALUES ('11111111-1111-1111-1111-111111111133', '2016-07-26 00:00:00', '2016-07-26 00:00:00', 'flyway', 'flyway', 0, 'Kita Matahari Weissenbühl', 'e3736eb8-6eef-40ef-9e52-96ab48d8f220', null, true);
INSERT INTO institution (id, timestamp_erstellt, timestamp_mutiert, user_erstellt, user_mutiert, version, name, mandant_id, traegerschaft_id, active) VALUES ('11111111-1111-1111-1111-111111111134', '2016-07-26 00:00:00', '2016-07-26 00:00:00', 'flyway', 'flyway', 0, 'Kita Matte', 'e3736eb8-6eef-40ef-9e52-96ab48d8f220', '11111111-1111-1111-1111-111111111113', true);
INSERT INTO institution (id, timestamp_erstellt, timestamp_mutiert, user_erstellt, user_mutiert, version, name, mandant_id, traegerschaft_id, active) VALUES ('11111111-1111-1111-1111-111111111135', '2016-07-26 00:00:00', '2016-07-26 00:00:00', 'flyway', 'flyway', 0, 'Kita Mattenhof', 'e3736eb8-6eef-40ef-9e52-96ab48d8f220', null, true);
INSERT INTO institution (id, timestamp_erstellt, timestamp_mutiert, user_erstellt, user_mutiert, version, name, mandant_id, traegerschaft_id, active) VALUES ('11111111-1111-1111-1111-111111111136', '2016-07-26 00:00:00', '2016-07-26 00:00:00', 'flyway', 'flyway', 0, 'Kita Montessori a. d. Aare', 'e3736eb8-6eef-40ef-9e52-96ab48d8f220', null, true);
INSERT INTO institution (id, timestamp_erstellt, timestamp_mutiert, user_erstellt, user_mutiert, version, name, mandant_id, traegerschaft_id, active) VALUES ('11111111-1111-1111-1111-111111111137', '2016-07-26 00:00:00', '2016-07-26 00:00:00', 'flyway', 'flyway', 0, 'Kita Murifeld Mindstrasse', 'e3736eb8-6eef-40ef-9e52-96ab48d8f220', '11111111-1111-1111-1111-111111111116', true);
INSERT INTO institution (id, timestamp_erstellt, timestamp_mutiert, user_erstellt, user_mutiert, version, name, mandant_id, traegerschaft_id, active) VALUES ('11111111-1111-1111-1111-111111111138', '2016-07-26 00:00:00', '2016-07-26 00:00:00', 'flyway', 'flyway', 0, 'Kita Murtenstrasse', 'e3736eb8-6eef-40ef-9e52-96ab48d8f220', '11111111-1111-1111-1111-111111111117', true);
INSERT INTO institution (id, timestamp_erstellt, timestamp_mutiert, user_erstellt, user_mutiert, version, name, mandant_id, traegerschaft_id, active) VALUES ('11111111-1111-1111-1111-111111111139', '2016-07-26 00:00:00', '2016-07-26 00:00:00', 'flyway', 'flyway', 0, 'Kita Ottilotti', 'e3736eb8-6eef-40ef-9e52-96ab48d8f220', null, true);
INSERT INTO institution (id, timestamp_erstellt, timestamp_mutiert, user_erstellt, user_mutiert, version, name, mandant_id, traegerschaft_id, active) VALUES ('11111111-1111-1111-1111-111111111140', '2016-07-26 00:00:00', '2016-07-26 00:00:00', 'flyway', 'flyway', 0, 'Kita Parkterrasse Globegarden', 'e3736eb8-6eef-40ef-9e52-96ab48d8f220', null, true);
INSERT INTO institution (id, timestamp_erstellt, timestamp_mutiert, user_erstellt, user_mutiert, version, name, mandant_id, traegerschaft_id, active) VALUES ('11111111-1111-1111-1111-111111111141', '2016-07-26 00:00:00', '2016-07-26 00:00:00', 'flyway', 'flyway', 0, 'Kita piccolino', 'e3736eb8-6eef-40ef-9e52-96ab48d8f220', '11111111-1111-1111-1111-111111111117', true);
INSERT INTO institution (id, timestamp_erstellt, timestamp_mutiert, user_erstellt, user_mutiert, version, name, mandant_id, traegerschaft_id, active) VALUES ('11111111-1111-1111-1111-111111111142', '2016-07-26 00:00:00', '2016-07-26 00:00:00', 'flyway', 'flyway', 0, 'Kita pop e poppa Fischerm„tteli', 'e3736eb8-6eef-40ef-9e52-96ab48d8f220', null, true);
INSERT INTO institution (id, timestamp_erstellt, timestamp_mutiert, user_erstellt, user_mutiert, version, name, mandant_id, traegerschaft_id, active) VALUES ('11111111-1111-1111-1111-111111111143', '2016-07-26 00:00:00', '2016-07-26 00:00:00', 'flyway', 'flyway', 0, 'Kita Rappard', 'e3736eb8-6eef-40ef-9e52-96ab48d8f220', '11111111-1111-1111-1111-111111111114', true);
INSERT INTO institution (id, timestamp_erstellt, timestamp_mutiert, user_erstellt, user_mutiert, version, name, mandant_id, traegerschaft_id, active) VALUES ('11111111-1111-1111-1111-111111111144', '2016-07-26 00:00:00', '2016-07-26 00:00:00', 'flyway', 'flyway', 0, 'Kita Röseligarte', 'e3736eb8-6eef-40ef-9e52-96ab48d8f220', null, true);
INSERT INTO institution (id, timestamp_erstellt, timestamp_mutiert, user_erstellt, user_mutiert, version, name, mandant_id, traegerschaft_id, active) VALUES ('11111111-1111-1111-1111-111111111145', '2016-07-26 00:00:00', '2016-07-26 00:00:00', 'flyway', 'flyway', 0, 'Kita rosenweg', 'e3736eb8-6eef-40ef-9e52-96ab48d8f220', '11111111-1111-1111-1111-111111111117', true);
INSERT INTO institution (id, timestamp_erstellt, timestamp_mutiert, user_erstellt, user_mutiert, version, name, mandant_id, traegerschaft_id, active) VALUES ('11111111-1111-1111-1111-111111111146', '2016-07-26 00:00:00', '2016-07-26 00:00:00', 'flyway', 'flyway', 0, 'Kita Roti Zora', 'e3736eb8-6eef-40ef-9e52-96ab48d8f220', null, true);
INSERT INTO institution (id, timestamp_erstellt, timestamp_mutiert, user_erstellt, user_mutiert, version, name, mandant_id, traegerschaft_id, active) VALUES ('11111111-1111-1111-1111-111111111147', '2016-07-26 00:00:00', '2016-07-26 00:00:00', 'flyway', 'flyway', 0, 'Kita sandburg', 'e3736eb8-6eef-40ef-9e52-96ab48d8f220', '11111111-1111-1111-1111-111111111117', true);
INSERT INTO institution (id, timestamp_erstellt, timestamp_mutiert, user_erstellt, user_mutiert, version, name, mandant_id, traegerschaft_id, active) VALUES ('11111111-1111-1111-1111-111111111148', '2016-07-26 00:00:00', '2016-07-26 00:00:00', 'flyway', 'flyway', 0, 'Kita Schönegg', 'e3736eb8-6eef-40ef-9e52-96ab48d8f220', null, true);
INSERT INTO institution (id, timestamp_erstellt, timestamp_mutiert, user_erstellt, user_mutiert, version, name, mandant_id, traegerschaft_id, active) VALUES ('11111111-1111-1111-1111-111111111149', '2016-07-26 00:00:00', '2016-07-26 00:00:00', 'flyway', 'flyway', 0, 'Kita smallworld', 'e3736eb8-6eef-40ef-9e52-96ab48d8f220', null, true);
INSERT INTO institution (id, timestamp_erstellt, timestamp_mutiert, user_erstellt, user_mutiert, version, name, mandant_id, traegerschaft_id, active) VALUES ('11111111-1111-1111-1111-111111111150', '2016-07-26 00:00:00', '2016-07-26 00:00:00', 'flyway', 'flyway', 0, 'Kita Spitalacker', 'e3736eb8-6eef-40ef-9e52-96ab48d8f220', '11111111-1111-1111-1111-111111111113', true);
INSERT INTO institution (id, timestamp_erstellt, timestamp_mutiert, user_erstellt, user_mutiert, version, name, mandant_id, traegerschaft_id, active) VALUES ('11111111-1111-1111-1111-111111111151', '2016-07-26 00:00:00', '2016-07-26 00:00:00', 'flyway', 'flyway', 0, 'Kita Spittel', 'e3736eb8-6eef-40ef-9e52-96ab48d8f220', '11111111-1111-1111-1111-111111111114', true);
INSERT INTO institution (id, timestamp_erstellt, timestamp_mutiert, user_erstellt, user_mutiert, version, name, mandant_id, traegerschaft_id, active) VALUES ('11111111-1111-1111-1111-111111111152', '2016-07-26 00:00:00', '2016-07-26 00:00:00', 'flyway', 'flyway', 0, 'Kita Sputnik', 'e3736eb8-6eef-40ef-9e52-96ab48d8f220', null, true);
INSERT INTO institution (id, timestamp_erstellt, timestamp_mutiert, user_erstellt, user_mutiert, version, name, mandant_id, traegerschaft_id, active) VALUES ('11111111-1111-1111-1111-111111111153', '2016-07-26 00:00:00', '2016-07-26 00:00:00', 'flyway', 'flyway', 0, 'Kita Steckgut', 'e3736eb8-6eef-40ef-9e52-96ab48d8f220', '11111111-1111-1111-1111-111111111113', true);
INSERT INTO institution (id, timestamp_erstellt, timestamp_mutiert, user_erstellt, user_mutiert, version, name, mandant_id, traegerschaft_id, active) VALUES ('11111111-1111-1111-1111-111111111154', '2016-07-26 00:00:00', '2016-07-26 00:00:00', 'flyway', 'flyway', 0, 'Kita Taka Tuka', 'e3736eb8-6eef-40ef-9e52-96ab48d8f220', '11111111-1111-1111-1111-111111111115', true);
INSERT INTO institution (id, timestamp_erstellt, timestamp_mutiert, user_erstellt, user_mutiert, version, name, mandant_id, traegerschaft_id, active) VALUES ('11111111-1111-1111-1111-111111111155', '2016-07-26 00:00:00', '2016-07-26 00:00:00', 'flyway', 'flyway', 0, 'Kita Tartaruga', 'e3736eb8-6eef-40ef-9e52-96ab48d8f220', '11111111-1111-1111-1111-111111111111', true);
INSERT INTO institution (id, timestamp_erstellt, timestamp_mutiert, user_erstellt, user_mutiert, version, name, mandant_id, traegerschaft_id, active) VALUES ('11111111-1111-1111-1111-111111111156', '2016-07-26 00:00:00', '2016-07-26 00:00:00', 'flyway', 'flyway', 0, 'Kita Topolina', 'e3736eb8-6eef-40ef-9e52-96ab48d8f220', '11111111-1111-1111-1111-111111111111', true);
INSERT INTO institution (id, timestamp_erstellt, timestamp_mutiert, user_erstellt, user_mutiert, version, name, mandant_id, traegerschaft_id, active) VALUES ('11111111-1111-1111-1111-111111111157', '2016-07-26 00:00:00', '2016-07-26 00:00:00', 'flyway', 'flyway', 0, 'Kita Tscharnergut', 'e3736eb8-6eef-40ef-9e52-96ab48d8f220', '11111111-1111-1111-1111-111111111113', true);
INSERT INTO institution (id, timestamp_erstellt, timestamp_mutiert, user_erstellt, user_mutiert, version, name, mandant_id, traegerschaft_id, active) VALUES ('11111111-1111-1111-1111-111111111158', '2016-07-26 00:00:00', '2016-07-26 00:00:00', 'flyway', 'flyway', 0, 'Kita Viki Montessori', 'e3736eb8-6eef-40ef-9e52-96ab48d8f220', null, true);
INSERT INTO institution (id, timestamp_erstellt, timestamp_mutiert, user_erstellt, user_mutiert, version, name, mandant_id, traegerschaft_id, active) VALUES ('11111111-1111-1111-1111-111111111159', '2016-07-26 00:00:00', '2016-07-26 00:00:00', 'flyway', 'flyway', 0, 'Waldkita Murifeld', 'e3736eb8-6eef-40ef-9e52-96ab48d8f220', '11111111-1111-1111-1111-111111111116', true);
INSERT INTO institution (id, timestamp_erstellt, timestamp_mutiert, user_erstellt, user_mutiert, version, name, mandant_id, traegerschaft_id, active) VALUES ('11111111-1111-1111-1111-111111111160', '2016-07-26 00:00:00', '2016-07-26 00:00:00', 'flyway', 'flyway', 0, 'Kita Weissenbühl', 'e3736eb8-6eef-40ef-9e52-96ab48d8f220', '11111111-1111-1111-1111-111111111117', true);
INSERT INTO institution (id, timestamp_erstellt, timestamp_mutiert, user_erstellt, user_mutiert, version, name, mandant_id, traegerschaft_id, active) VALUES ('11111111-1111-1111-1111-111111111161', '2016-07-26 00:00:00', '2016-07-26 00:00:00', 'flyway', 'flyway', 0, 'Kita Weissenstein', 'e3736eb8-6eef-40ef-9e52-96ab48d8f220', '11111111-1111-1111-1111-111111111113', true);
INSERT INTO institution (id, timestamp_erstellt, timestamp_mutiert, user_erstellt, user_mutiert, version, name, mandant_id, traegerschaft_id, active) VALUES ('11111111-1111-1111-1111-111111111162', '2016-07-26 00:00:00', '2016-07-26 00:00:00', 'flyway', 'flyway', 0, 'Kita Murifeld Weltpost', 'e3736eb8-6eef-40ef-9e52-96ab48d8f220', '11111111-1111-1111-1111-111111111116', true);
INSERT INTO institution (id, timestamp_erstellt, timestamp_mutiert, user_erstellt, user_mutiert, version, name, mandant_id, traegerschaft_id, active) VALUES ('11111111-1111-1111-1111-111111111163', '2016-07-26 00:00:00', '2016-07-26 00:00:00', 'flyway', 'flyway', 0, 'Kita Wirbelwind', 'e3736eb8-6eef-40ef-9e52-96ab48d8f220', '11111111-1111-1111-1111-111111111112', true);
INSERT INTO institution (id, timestamp_erstellt, timestamp_mutiert, user_erstellt, user_mutiert, version, name, mandant_id, traegerschaft_id, active) VALUES ('11111111-1111-1111-1111-111111111164', '2016-07-26 00:00:00', '2016-07-26 00:00:00', 'flyway', 'flyway', 0, 'Kita Wombat', 'e3736eb8-6eef-40ef-9e52-96ab48d8f220', null, true);
INSERT INTO institution (id, timestamp_erstellt, timestamp_mutiert, user_erstellt, user_mutiert, version, name, mandant_id, traegerschaft_id, active) VALUES ('11111111-1111-1111-1111-111111111165', '2016-07-26 00:00:00', '2016-07-26 00:00:00', 'flyway', 'flyway', 0, 'Kita Wyler', 'e3736eb8-6eef-40ef-9e52-96ab48d8f220', '11111111-1111-1111-1111-111111111113', true);
INSERT INTO institution (id, timestamp_erstellt, timestamp_mutiert, user_erstellt, user_mutiert, version, name, mandant_id, traegerschaft_id, active) VALUES ('11111111-1111-1111-1111-111111111166', '2016-07-26 00:00:00', '2016-07-26 00:00:00', 'flyway', 'flyway', 0, 'Kita Wyleregg', 'e3736eb8-6eef-40ef-9e52-96ab48d8f220', '11111111-1111-1111-1111-111111111113', true);
INSERT INTO institution (id, timestamp_erstellt, timestamp_mutiert, user_erstellt, user_mutiert, version, name, mandant_id, traegerschaft_id, active) VALUES ('11111111-1111-1111-1111-111111111167', '2016-07-26 00:00:00', '2016-07-26 00:00:00', 'flyway', 'flyway', 0, 'Kita Yeladim', 'e3736eb8-6eef-40ef-9e52-96ab48d8f220', null, true);
INSERT INTO institution (id, timestamp_erstellt, timestamp_mutiert, user_erstellt, user_mutiert, version, name, mandant_id, traegerschaft_id, active) VALUES ('11111111-1111-1111-1111-111111111168', '2016-07-26 00:00:00', '2016-07-26 00:00:00', 'flyway', 'flyway', 0, 'Kita Zazabu', 'e3736eb8-6eef-40ef-9e52-96ab48d8f220', null, true);

-- Adressen
INSERT INTO adresse (id, timestamp_erstellt, timestamp_mutiert, user_erstellt, user_mutiert, version, gemeinde, gueltig_ab, gueltig_bis, hausnummer, land, ort, plz, strasse, zusatzzeile) VALUES ('11111111-1111-1111-1111-111111111101', '2016-07-26 00:00:00', '2016-07-26 00:00:00', 'flyway', 'flyway', 0, null, '1000-01-01', '9999-12-31', '51', 'CH', 'Bern', '3004', 'Oberer Aareggweg', null);
INSERT INTO adresse (id, timestamp_erstellt, timestamp_mutiert, user_erstellt, user_mutiert, version, gemeinde, gueltig_ab, gueltig_bis, hausnummer, land, ort, plz, strasse, zusatzzeile) VALUES ('11111111-1111-1111-1111-111111111102', '2016-07-26 00:00:00', '2016-07-26 00:00:00', 'flyway', 'flyway', 0, null, '1000-01-01', '9999-12-31', '9', 'CH', 'Bern', '3013', 'Altenbergstrasse', null);
INSERT INTO adresse (id, timestamp_erstellt, timestamp_mutiert, user_erstellt, user_mutiert, version, gemeinde, gueltig_ab, gueltig_bis, hausnummer, land, ort, plz, strasse, zusatzzeile) VALUES ('11111111-1111-1111-1111-111111111103', '2016-07-26 00:00:00', '2016-07-26 00:00:00', 'flyway', 'flyway', 0, null, '1000-01-01', '9999-12-31', '28', 'CH', 'Bern', '3008', 'Krippenstrasse', null);
INSERT INTO adresse (id, timestamp_erstellt, timestamp_mutiert, user_erstellt, user_mutiert, version, gemeinde, gueltig_ab, gueltig_bis, hausnummer, land, ort, plz, strasse, zusatzzeile) VALUES ('11111111-1111-1111-1111-111111111104', '2016-07-26 00:00:00', '2016-07-26 00:00:00', 'flyway', 'flyway', 0, null, '1000-01-01', '9999-12-31', '101', 'CH', 'Bern', '3018', 'Bernstrasse', null);
INSERT INTO adresse (id, timestamp_erstellt, timestamp_mutiert, user_erstellt, user_mutiert, version, gemeinde, gueltig_ab, gueltig_bis, hausnummer, land, ort, plz, strasse, zusatzzeile) VALUES ('11111111-1111-1111-1111-111111111105', '2016-07-26 00:00:00', '2016-07-26 00:00:00', 'flyway', 'flyway', 0, null, '1000-01-01', '9999-12-31', '2', 'CH', 'Bern', '3006', 'Brechbühlerstrasse', null);
INSERT INTO adresse (id, timestamp_erstellt, timestamp_mutiert, user_erstellt, user_mutiert, version, gemeinde, gueltig_ab, gueltig_bis, hausnummer, land, ort, plz, strasse, zusatzzeile) VALUES ('11111111-1111-1111-1111-111111111106', '2016-07-26 00:00:00', '2016-07-26 00:00:00', 'flyway', 'flyway', 0, null, '1000-01-01', '9999-12-31', '6', 'CH', 'Bern', '3014', 'Stockerenweg', null);
INSERT INTO adresse (id, timestamp_erstellt, timestamp_mutiert, user_erstellt, user_mutiert, version, gemeinde, gueltig_ab, gueltig_bis, hausnummer, land, ort, plz, strasse, zusatzzeile) VALUES ('11111111-1111-1111-1111-111111111107', '2016-07-26 00:00:00', '2016-07-26 00:00:00', 'flyway', 'flyway', 0, null, '1000-01-01', '9999-12-31', '', 'CH', 'Bern', '3027', 'Colombstrasse', null);
INSERT INTO adresse (id, timestamp_erstellt, timestamp_mutiert, user_erstellt, user_mutiert, version, gemeinde, gueltig_ab, gueltig_bis, hausnummer, land, ort, plz, strasse, zusatzzeile) VALUES ('11111111-1111-1111-1111-111111111108', '2016-07-26 00:00:00', '2016-07-26 00:00:00', 'flyway', 'flyway', 0, null, '1000-01-01', '9999-12-31', '4', 'CH', 'Bern', '3027', 'Brünnenstrasse', null);
INSERT INTO adresse (id, timestamp_erstellt, timestamp_mutiert, user_erstellt, user_mutiert, version, gemeinde, gueltig_ab, gueltig_bis, hausnummer, land, ort, plz, strasse, zusatzzeile) VALUES ('11111111-1111-1111-1111-111111111109', '2016-07-26 00:00:00', '2016-07-26 00:00:00', 'flyway', 'flyway', 0, null, '1000-01-01', '9999-12-31', '92', 'CH', 'Bern', '3018', 'Bümplizstrasse', null);
INSERT INTO adresse (id, timestamp_erstellt, timestamp_mutiert, user_erstellt, user_mutiert, version, gemeinde, gueltig_ab, gueltig_bis, hausnummer, land, ort, plz, strasse, zusatzzeile) VALUES ('11111111-1111-1111-1111-111111111110', '2016-07-26 00:00:00', '2016-07-26 00:00:00', 'flyway', 'flyway', 0, null, '1000-01-01', '9999-12-31', '95', 'CH', 'Bern', '3018', 'Burgunderstrasse', null);
INSERT INTO adresse (id, timestamp_erstellt, timestamp_mutiert, user_erstellt, user_mutiert, version, gemeinde, gueltig_ab, gueltig_bis, hausnummer, land, ort, plz, strasse, zusatzzeile) VALUES ('11111111-1111-1111-1111-111111111111', '2016-07-26 00:00:00', '2016-07-26 00:00:00', 'flyway', 'flyway', 0, null, '1000-01-01', '9999-12-31', '27', 'CH', 'Bern', '3013', 'Turnweg', null);
INSERT INTO adresse (id, timestamp_erstellt, timestamp_mutiert, user_erstellt, user_mutiert, version, gemeinde, gueltig_ab, gueltig_bis, hausnummer, land, ort, plz, strasse, zusatzzeile) VALUES ('11111111-1111-1111-1111-111111111112', '2016-07-26 00:00:00', '2016-07-26 00:00:00', 'flyway', 'flyway', 0, null, '1000-01-01', '9999-12-31', '104', 'CH', 'Bern', '3008', 'Freiburgstrasse', null);
INSERT INTO adresse (id, timestamp_erstellt, timestamp_mutiert, user_erstellt, user_mutiert, version, gemeinde, gueltig_ab, gueltig_bis, hausnummer, land, ort, plz, strasse, zusatzzeile) VALUES ('11111111-1111-1111-1111-111111111113', '2016-07-26 00:00:00', '2016-07-26 00:00:00', 'flyway', 'flyway', 0, null, '1000-01-01', '9999-12-31', '103', 'CH', 'Bern', '3005', 'Jubiläumsstrasse', null);
INSERT INTO adresse (id, timestamp_erstellt, timestamp_mutiert, user_erstellt, user_mutiert, version, gemeinde, gueltig_ab, gueltig_bis, hausnummer, land, ort, plz, strasse, zusatzzeile) VALUES ('11111111-1111-1111-1111-111111111114', '2016-07-26 00:00:00', '2016-07-26 00:00:00', 'flyway', 'flyway', 0, null, '1000-01-01', '9999-12-31', '9', 'CH', 'Bern', '3012', 'Seidenweg', null);
INSERT INTO adresse (id, timestamp_erstellt, timestamp_mutiert, user_erstellt, user_mutiert, version, gemeinde, gueltig_ab, gueltig_bis, hausnummer, land, ort, plz, strasse, zusatzzeile) VALUES ('11111111-1111-1111-1111-111111111115', '2016-07-26 00:00:00', '2016-07-26 00:00:00', 'flyway', 'flyway', 0, null, '1000-01-01', '9999-12-31', '18', 'CH', 'Bern', '3007', 'Hopfenweg', null);
INSERT INTO adresse (id, timestamp_erstellt, timestamp_mutiert, user_erstellt, user_mutiert, version, gemeinde, gueltig_ab, gueltig_bis, hausnummer, land, ort, plz, strasse, zusatzzeile) VALUES ('11111111-1111-1111-1111-111111111116', '2016-07-26 00:00:00', '2016-07-26 00:00:00', 'flyway', 'flyway', 0, null, '1000-01-01', '9999-12-31', '3', 'CH', 'Bern', '3012', 'Fischerweg', null);
INSERT INTO adresse (id, timestamp_erstellt, timestamp_mutiert, user_erstellt, user_mutiert, version, gemeinde, gueltig_ab, gueltig_bis, hausnummer, land, ort, plz, strasse, zusatzzeile) VALUES ('11111111-1111-1111-1111-111111111117', '2016-07-26 00:00:00', '2016-07-26 00:00:00', 'flyway', 'flyway', 0, null, '1000-01-01', '9999-12-31', '10', 'CH', 'Bern', '3018', 'Statthalterstrasse', null);
INSERT INTO adresse (id, timestamp_erstellt, timestamp_mutiert, user_erstellt, user_mutiert, version, gemeinde, gueltig_ab, gueltig_bis, hausnummer, land, ort, plz, strasse, zusatzzeile) VALUES ('11111111-1111-1111-1111-111111111118', '2016-07-26 00:00:00', '2016-07-26 00:00:00', 'flyway', 'flyway', 0, null, '1000-01-01', '9999-12-31', '4', 'CH', 'Bern', '3013', 'Jurastrasse', null);
INSERT INTO adresse (id, timestamp_erstellt, timestamp_mutiert, user_erstellt, user_mutiert, version, gemeinde, gueltig_ab, gueltig_bis, hausnummer, land, ort, plz, strasse, zusatzzeile) VALUES ('11111111-1111-1111-1111-111111111119', '2016-07-26 00:00:00', '2016-07-26 00:00:00', 'flyway', 'flyway', 0, null, '1000-01-01', '9999-12-31', '2', 'CH', 'Bern', '3012', 'Waldheimstrasse', null);
INSERT INTO adresse (id, timestamp_erstellt, timestamp_mutiert, user_erstellt, user_mutiert, version, gemeinde, gueltig_ab, gueltig_bis, hausnummer, land, ort, plz, strasse, zusatzzeile) VALUES ('11111111-1111-1111-1111-111111111120', '2016-07-26 00:00:00', '2016-07-26 00:00:00', 'flyway', 'flyway', 0, null, '1000-01-01', '9999-12-31', '39', 'CH', 'Bern', '3006', 'Muristrasse', null);
INSERT INTO adresse (id, timestamp_erstellt, timestamp_mutiert, user_erstellt, user_mutiert, version, gemeinde, gueltig_ab, gueltig_bis, hausnummer, land, ort, plz, strasse, zusatzzeile) VALUES ('11111111-1111-1111-1111-111111111121', '2016-07-26 00:00:00', '2016-07-26 00:00:00', 'flyway', 'flyway', 0, null, '1000-01-01', '9999-12-31', '14/16', 'CH', 'Bern','3027', 'Gäbelbachstrasse', null);
INSERT INTO adresse (id, timestamp_erstellt, timestamp_mutiert, user_erstellt, user_mutiert, version, gemeinde, gueltig_ab, gueltig_bis, hausnummer, land, ort, plz, strasse, zusatzzeile) VALUES ('11111111-1111-1111-1111-111111111122', '2016-07-26 00:00:00', '2016-07-26 00:00:00', 'flyway', 'flyway', 0, null, '1000-01-01', '9999-12-31', '27', 'CH', 'Bern', '3012', 'Schanzeneckstrasse', null);
INSERT INTO adresse (id, timestamp_erstellt, timestamp_mutiert, user_erstellt, user_mutiert, version, gemeinde, gueltig_ab, gueltig_bis, hausnummer, land, ort, plz, strasse, zusatzzeile) VALUES ('11111111-1111-1111-1111-111111111123', '2016-07-26 00:00:00', '2016-07-26 00:00:00', 'flyway', 'flyway', 0, null, '1000-01-01', '9999-12-31', '3', 'CH', 'Bern', '3006', 'Bitziusstrasse', null);
INSERT INTO adresse (id, timestamp_erstellt, timestamp_mutiert, user_erstellt, user_mutiert, version, gemeinde, gueltig_ab, gueltig_bis, hausnummer, land, ort, plz, strasse, zusatzzeile) VALUES ('11111111-1111-1111-1111-111111111124', '2016-07-26 00:00:00', '2016-07-26 00:00:00', 'flyway', 'flyway', 0, null, '1000-01-01', '9999-12-31', '2', 'CH', 'Bern', '3007', 'Bürkiweg', null);
INSERT INTO adresse (id, timestamp_erstellt, timestamp_mutiert, user_erstellt, user_mutiert, version, gemeinde, gueltig_ab, gueltig_bis, hausnummer, land, ort, plz, strasse, zusatzzeile) VALUES ('11111111-1111-1111-1111-111111111125', '2016-07-26 00:00:00', '2016-07-26 00:00:00', 'flyway', 'flyway', 0, null, '1000-01-01', '9999-12-31', '57', 'CH', 'Bern', '3005', 'Kirchenfeldstrasse', null);
INSERT INTO adresse (id, timestamp_erstellt, timestamp_mutiert, user_erstellt, user_mutiert, version, gemeinde, gueltig_ab, gueltig_bis, hausnummer, land, ort, plz, strasse, zusatzzeile) VALUES ('11111111-1111-1111-1111-111111111126', '2016-07-26 00:00:00', '2016-07-26 00:00:00', 'flyway', 'flyway', 0, null, '1000-01-01', '9999-12-31', '11', 'CH', 'Bern', '3014', 'Allmendstrasse', null);
INSERT INTO adresse (id, timestamp_erstellt, timestamp_mutiert, user_erstellt, user_mutiert, version, gemeinde, gueltig_ab, gueltig_bis, hausnummer, land, ort, plz, strasse, zusatzzeile) VALUES ('11111111-1111-1111-1111-111111111127', '2016-07-26 00:00:00', '2016-07-26 00:00:00', 'flyway', 'flyway', 0, null, '1000-01-01', '9999-12-31', '64', 'CH', 'Bern', '3012', 'Länggassstrasse', null);
INSERT INTO adresse (id, timestamp_erstellt, timestamp_mutiert, user_erstellt, user_mutiert, version, gemeinde, gueltig_ab, gueltig_bis, hausnummer, land, ort, plz, strasse, zusatzzeile) VALUES ('11111111-1111-1111-1111-111111111128', '2016-07-26 00:00:00', '2016-07-26 00:00:00', 'flyway', 'flyway', 0, null, '1000-01-01', '9999-12-31', '53', 'CH', 'Bern', '3005', 'Thormannstrasse', null);
INSERT INTO adresse (id, timestamp_erstellt, timestamp_mutiert, user_erstellt, user_mutiert, version, gemeinde, gueltig_ab, gueltig_bis, hausnummer, land, ort, plz, strasse, zusatzzeile) VALUES ('11111111-1111-1111-1111-111111111129', '2016-07-26 00:00:00', '2016-07-26 00:00:00', 'flyway', 'flyway', 0, null, '1000-01-01', '9999-12-31', '6', 'CH', 'Bern', '3012', 'Fischerwg', null);
INSERT INTO adresse (id, timestamp_erstellt, timestamp_mutiert, user_erstellt, user_mutiert, version, gemeinde, gueltig_ab, gueltig_bis, hausnummer, land, ort, plz, strasse, zusatzzeile) VALUES ('11111111-1111-1111-1111-111111111130', '2016-07-26 00:00:00', '2016-07-26 00:00:00', 'flyway', 'flyway', 0, null, '1000-01-01', '9999-12-31', '60', 'CH', 'Bern', '3013', 'Lorrainestrasse', null);
INSERT INTO adresse (id, timestamp_erstellt, timestamp_mutiert, user_erstellt, user_mutiert, version, gemeinde, gueltig_ab, gueltig_bis, hausnummer, land, ort, plz, strasse, zusatzzeile) VALUES ('11111111-1111-1111-1111-111111111131', '2016-07-26 00:00:00', '2016-07-26 00:00:00', 'flyway', 'flyway', 0, null, '1000-01-01', '9999-12-31', '121', 'CH', 'Bern', '3007', 'Schwarztorstrasse', null);
INSERT INTO adresse (id, timestamp_erstellt, timestamp_mutiert, user_erstellt, user_mutiert, version, gemeinde, gueltig_ab, gueltig_bis, hausnummer, land, ort, plz, strasse, zusatzzeile) VALUES ('11111111-1111-1111-1111-111111111132', '2016-07-26 00:00:00', '2016-07-26 00:00:00', 'flyway', 'flyway', 0, null, '1000-01-01', '9999-12-31', '7', 'CH', 'Bern', '3005', 'Helvetiastrasse', null);
INSERT INTO adresse (id, timestamp_erstellt, timestamp_mutiert, user_erstellt, user_mutiert, version, gemeinde, gueltig_ab, gueltig_bis, hausnummer, land, ort, plz, strasse, zusatzzeile) VALUES ('11111111-1111-1111-1111-111111111133', '2016-07-26 00:00:00', '2016-07-26 00:00:00', 'flyway', 'flyway', 0, null, '1000-01-01', '9999-12-31', '9', 'CH', 'Bern', '3007', 'Südbahnhofstrasse', null);
INSERT INTO adresse (id, timestamp_erstellt, timestamp_mutiert, user_erstellt, user_mutiert, version, gemeinde, gueltig_ab, gueltig_bis, hausnummer, land, ort, plz, strasse, zusatzzeile) VALUES ('11111111-1111-1111-1111-111111111134', '2016-07-26 00:00:00', '2016-07-26 00:00:00', 'flyway', 'flyway', 0, null, '1000-01-01', '9999-12-31', '53', 'CH', 'Bern', '3011', 'Badgasse', null);
INSERT INTO adresse (id, timestamp_erstellt, timestamp_mutiert, user_erstellt, user_mutiert, version, gemeinde, gueltig_ab, gueltig_bis, hausnummer, land, ort, plz, strasse, zusatzzeile) VALUES ('11111111-1111-1111-1111-111111111135', '2016-07-26 00:00:00', '2016-07-26 00:00:00', 'flyway', 'flyway', 0, null, '1000-01-01', '9999-12-31', '40', 'CH', 'Bern', '3007', 'Mattenhofstrasse', null);
INSERT INTO adresse (id, timestamp_erstellt, timestamp_mutiert, user_erstellt, user_mutiert, version, gemeinde, gueltig_ab, gueltig_bis, hausnummer, land, ort, plz, strasse, zusatzzeile) VALUES ('11111111-1111-1111-1111-111111111136', '2016-07-26 00:00:00', '2016-07-26 00:00:00', 'flyway', 'flyway', 0, null, '1000-01-01', '9999-12-31', '17', 'CH', 'Bern', '3011', 'Langmauerweg', null);
INSERT INTO adresse (id, timestamp_erstellt, timestamp_mutiert, user_erstellt, user_mutiert, version, gemeinde, gueltig_ab, gueltig_bis, hausnummer, land, ort, plz, strasse, zusatzzeile) VALUES ('11111111-1111-1111-1111-111111111137', '2016-07-26 00:00:00', '2016-07-26 00:00:00', 'flyway', 'flyway', 0, null, '1000-01-01', '9999-12-31', '3', 'CH', 'Bern', '3006', 'Mindstrasse', null);
INSERT INTO adresse (id, timestamp_erstellt, timestamp_mutiert, user_erstellt, user_mutiert, version, gemeinde, gueltig_ab, gueltig_bis, hausnummer, land, ort, plz, strasse, zusatzzeile) VALUES ('11111111-1111-1111-1111-111111111138', '2016-07-26 00:00:00', '2016-07-26 00:00:00', 'flyway', 'flyway', 0, null, '1000-01-01', '9999-12-31', '143J', 'CH', 'Bern', '3008', 'Murtenstrasse', null);
INSERT INTO adresse (id, timestamp_erstellt, timestamp_mutiert, user_erstellt, user_mutiert, version, gemeinde, gueltig_ab, gueltig_bis, hausnummer, land, ort, plz, strasse, zusatzzeile) VALUES ('11111111-1111-1111-1111-111111111139', '2016-07-26 00:00:00', '2016-07-26 00:00:00', 'flyway', 'flyway', 0, null, '1000-01-01', '9999-12-31', '30', 'CH', 'Bern', '3005', 'Hallwylstrasse', null);
INSERT INTO adresse (id, timestamp_erstellt, timestamp_mutiert, user_erstellt, user_mutiert, version, gemeinde, gueltig_ab, gueltig_bis, hausnummer, land, ort, plz, strasse, zusatzzeile) VALUES ('11111111-1111-1111-1111-111111111140', '2016-07-26 00:00:00', '2016-07-26 00:00:00', 'flyway', 'flyway', 0, null, '1000-01-01', '9999-12-31', '14', 'CH', 'Bern', '3012', 'Parkterrasse', null);
INSERT INTO adresse (id, timestamp_erstellt, timestamp_mutiert, user_erstellt, user_mutiert, version, gemeinde, gueltig_ab, gueltig_bis, hausnummer, land, ort, plz, strasse, zusatzzeile) VALUES ('11111111-1111-1111-1111-111111111141', '2016-07-26 00:00:00', '2016-07-26 00:00:00', 'flyway', 'flyway', 0, null, '1000-01-01', '9999-12-31', '3', 'CH', 'Bern', '3012', 'Fischerweg', null);
INSERT INTO adresse (id, timestamp_erstellt, timestamp_mutiert, user_erstellt, user_mutiert, version, gemeinde, gueltig_ab, gueltig_bis, hausnummer, land, ort, plz, strasse, zusatzzeile) VALUES ('11111111-1111-1111-1111-111111111142', '2016-07-26 00:00:00', '2016-07-26 00:00:00', 'flyway', 'flyway', 0, null, '1000-01-01', '9999-12-31', '74', 'CH', 'Bern', '3008', 'Könizstrasse', null);
INSERT INTO adresse (id, timestamp_erstellt, timestamp_mutiert, user_erstellt, user_mutiert, version, gemeinde, gueltig_ab, gueltig_bis, hausnummer, land, ort, plz, strasse, zusatzzeile) VALUES ('11111111-1111-1111-1111-111111111143', '2016-07-26 00:00:00', '2016-07-26 00:00:00', 'flyway', 'flyway', 0, null, '1000-01-01', '9999-12-31', '1', 'CH', 'Bern', '3008', 'Rappardplatz', null);
INSERT INTO adresse (id, timestamp_erstellt, timestamp_mutiert, user_erstellt, user_mutiert, version, gemeinde, gueltig_ab, gueltig_bis, hausnummer, land, ort, plz, strasse, zusatzzeile) VALUES ('11111111-1111-1111-1111-111111111144', '2016-07-26 00:00:00', '2016-07-26 00:00:00', 'flyway', 'flyway', 0, null, '1000-01-01', '9999-12-31', '3', 'CH', 'Bern', '3004', 'Reichenbachstrasse', null);
INSERT INTO adresse (id, timestamp_erstellt, timestamp_mutiert, user_erstellt, user_mutiert, version, gemeinde, gueltig_ab, gueltig_bis, hausnummer, land, ort, plz, strasse, zusatzzeile) VALUES ('11111111-1111-1111-1111-111111111145', '2016-07-26 00:00:00', '2016-07-26 00:00:00', 'flyway', 'flyway', 0, null, '1000-01-01', '9999-12-31', '26', 'CH', 'Bern', '3007', 'Rosenweg', null);
INSERT INTO adresse (id, timestamp_erstellt, timestamp_mutiert, user_erstellt, user_mutiert, version, gemeinde, gueltig_ab, gueltig_bis, hausnummer, land, ort, plz, strasse, zusatzzeile) VALUES ('11111111-1111-1111-1111-111111111146', '2016-07-26 00:00:00', '2016-07-26 00:00:00', 'flyway', 'flyway', 0, null, '1000-01-01', '9999-12-31', '21', 'CH', 'Bern', '3014', 'Allmendstrasse', null);
INSERT INTO adresse (id, timestamp_erstellt, timestamp_mutiert, user_erstellt, user_mutiert, version, gemeinde, gueltig_ab, gueltig_bis, hausnummer, land, ort, plz, strasse, zusatzzeile) VALUES ('11111111-1111-1111-1111-111111111147', '2016-07-26 00:00:00', '2016-07-26 00:00:00', 'flyway', 'flyway', 0, null, '1000-01-01', '9999-12-31', '3', 'CH', 'Bern', '3012', 'Fischerweg', null);
INSERT INTO adresse (id, timestamp_erstellt, timestamp_mutiert, user_erstellt, user_mutiert, version, gemeinde, gueltig_ab, gueltig_bis, hausnummer, land, ort, plz, strasse, zusatzzeile) VALUES ('11111111-1111-1111-1111-111111111148', '2016-07-26 00:00:00', '2016-07-26 00:00:00', 'flyway', 'flyway', 0, null, '1000-01-01', '9999-12-31', '111', 'CH', 'Bern', '3007', 'Seftigenstrasse', null);
INSERT INTO adresse (id, timestamp_erstellt, timestamp_mutiert, user_erstellt, user_mutiert, version, gemeinde, gueltig_ab, gueltig_bis, hausnummer, land, ort, plz, strasse, zusatzzeile) VALUES ('11111111-1111-1111-1111-111111111149', '2016-07-26 00:00:00', '2016-07-26 00:00:00', 'flyway', 'flyway', 0, null, '1000-01-01', '9999-12-31', '27', 'CH', 'Bern', '3011', 'Speichergasse', null);
INSERT INTO adresse (id, timestamp_erstellt, timestamp_mutiert, user_erstellt, user_mutiert, version, gemeinde, gueltig_ab, gueltig_bis, hausnummer, land, ort, plz, strasse, zusatzzeile) VALUES ('11111111-1111-1111-1111-111111111150', '2016-07-26 00:00:00', '2016-07-26 00:00:00', 'flyway', 'flyway', 0, null, '1000-01-01', '9999-12-31', '48', 'CH', 'Bern', '3013', 'Blumenbergstrasse', null);
INSERT INTO adresse (id, timestamp_erstellt, timestamp_mutiert, user_erstellt, user_mutiert, version, gemeinde, gueltig_ab, gueltig_bis, hausnummer, land, ort, plz, strasse, zusatzzeile) VALUES ('11111111-1111-1111-1111-111111111151', '2016-07-26 00:00:00', '2016-07-26 00:00:00', 'flyway', 'flyway', 0, null, '1000-01-01', '9999-12-31', '6', 'CH', 'Bern', '3001', 'Bahnhofplatz', null);
INSERT INTO adresse (id, timestamp_erstellt, timestamp_mutiert, user_erstellt, user_mutiert, version, gemeinde, gueltig_ab, gueltig_bis, hausnummer, land, ort, plz, strasse, zusatzzeile) VALUES ('11111111-1111-1111-1111-111111111152', '2016-07-26 00:00:00', '2016-07-26 00:00:00', 'flyway', 'flyway', 0, null, '1000-01-01', '9999-12-31', '16', 'CH', 'Bern', '3012', 'Finkenhubelweg', null);
INSERT INTO adresse (id, timestamp_erstellt, timestamp_mutiert, user_erstellt, user_mutiert, version, gemeinde, gueltig_ab, gueltig_bis, hausnummer, land, ort, plz, strasse, zusatzzeile) VALUES ('11111111-1111-1111-1111-111111111153', '2016-07-26 00:00:00', '2016-07-26 00:00:00', 'flyway', 'flyway', 0, null, '1000-01-01', '9999-12-31', '80', 'CH', 'Bern', '3014', 'Lorrainestrasse', null);
INSERT INTO adresse (id, timestamp_erstellt, timestamp_mutiert, user_erstellt, user_mutiert, version, gemeinde, gueltig_ab, gueltig_bis, hausnummer, land, ort, plz, strasse, zusatzzeile) VALUES ('11111111-1111-1111-1111-111111111154', '2016-07-26 00:00:00', '2016-07-26 00:00:00', 'flyway', 'flyway', 0, null, '1000-01-01', '9999-12-31', '33', 'CH', 'Bern', '3012', 'Lerchenweg', null);
INSERT INTO adresse (id, timestamp_erstellt, timestamp_mutiert, user_erstellt, user_mutiert, version, gemeinde, gueltig_ab, gueltig_bis, hausnummer, land, ort, plz, strasse, zusatzzeile) VALUES ('11111111-1111-1111-1111-111111111155', '2016-07-26 00:00:00', '2016-07-26 00:00:00', 'flyway', 'flyway', 0, null, '1000-01-01', '9999-12-31', '23', 'CH', 'Bern', '3012', 'Mittelstrasse', null);
INSERT INTO adresse (id, timestamp_erstellt, timestamp_mutiert, user_erstellt, user_mutiert, version, gemeinde, gueltig_ab, gueltig_bis, hausnummer, land, ort, plz, strasse, zusatzzeile) VALUES ('11111111-1111-1111-1111-111111111156', '2016-07-26 00:00:00', '2016-07-26 00:00:00', 'flyway', 'flyway', 0, null, '1000-01-01', '9999-12-31', '42/44', 'CH', 'Bern', '3011', 'Gutenbergstrasse', null);
INSERT INTO adresse (id, timestamp_erstellt, timestamp_mutiert, user_erstellt, user_mutiert, version, gemeinde, gueltig_ab, gueltig_bis, hausnummer, land, ort, plz, strasse, zusatzzeile) VALUES ('11111111-1111-1111-1111-111111111157', '2016-07-26 00:00:00', '2016-07-26 00:00:00', 'flyway', 'flyway', 0, null, '1000-01-01', '9999-12-31', '33', 'CH', 'Bern', '3027', 'Waldmannstrasse', null);
INSERT INTO adresse (id, timestamp_erstellt, timestamp_mutiert, user_erstellt, user_mutiert, version, gemeinde, gueltig_ab, gueltig_bis, hausnummer, land, ort, plz, strasse, zusatzzeile) VALUES ('11111111-1111-1111-1111-111111111158', '2016-07-26 00:00:00', '2016-07-26 00:00:00', 'flyway', 'flyway', 0, null, '1000-01-01', '9999-12-31', '19a', 'CH', 'Bern', '3014', 'Scheibenstrasse', null);
INSERT INTO adresse (id, timestamp_erstellt, timestamp_mutiert, user_erstellt, user_mutiert, version, gemeinde, gueltig_ab, gueltig_bis, hausnummer, land, ort, plz, strasse, zusatzzeile) VALUES ('11111111-1111-1111-1111-111111111159', '2016-07-26 00:00:00', '2016-07-26 00:00:00', 'flyway', 'flyway', 0, null, '1000-01-01', '9999-12-31', '66', 'CH', 'Bern', '3006', 'Elfenauweg', null);
INSERT INTO adresse (id, timestamp_erstellt, timestamp_mutiert, user_erstellt, user_mutiert, version, gemeinde, gueltig_ab, gueltig_bis, hausnummer, land, ort, plz, strasse, zusatzzeile) VALUES ('11111111-1111-1111-1111-111111111160', '2016-07-26 00:00:00', '2016-07-26 00:00:00', 'flyway', 'flyway', 0, null, '1000-01-01', '9999-12-31', '18', 'CH', 'Bern', '3007', 'Friedheimweg', null);
INSERT INTO adresse (id, timestamp_erstellt, timestamp_mutiert, user_erstellt, user_mutiert, version, gemeinde, gueltig_ab, gueltig_bis, hausnummer, land, ort, plz, strasse, zusatzzeile) VALUES ('11111111-1111-1111-1111-111111111161', '2016-07-26 00:00:00', '2016-07-26 00:00:00', 'flyway', 'flyway', 0, null, '1000-01-01', '9999-12-31', '15', 'CH', 'Bern', '3007', 'Weberstrasse', null);
INSERT INTO adresse (id, timestamp_erstellt, timestamp_mutiert, user_erstellt, user_mutiert, version, gemeinde, gueltig_ab, gueltig_bis, hausnummer, land, ort, plz, strasse, zusatzzeile) VALUES ('11111111-1111-1111-1111-111111111162', '2016-07-26 00:00:00', '2016-07-26 00:00:00', 'flyway', 'flyway', 0, null, '1000-01-01', '9999-12-31', '5', 'CH', 'Bern', '3015', 'Weltpoststrasse', null);
INSERT INTO adresse (id, timestamp_erstellt, timestamp_mutiert, user_erstellt, user_mutiert, version, gemeinde, gueltig_ab, gueltig_bis, hausnummer, land, ort, plz, strasse, zusatzzeile) VALUES ('11111111-1111-1111-1111-111111111163', '2016-07-26 00:00:00', '2016-07-26 00:00:00', 'flyway', 'flyway', 0, null, '1000-01-01', '9999-12-31', '23', 'CH', 'Bern', '3018', 'Bernstrasse', null);
INSERT INTO adresse (id, timestamp_erstellt, timestamp_mutiert, user_erstellt, user_mutiert, version, gemeinde, gueltig_ab, gueltig_bis, hausnummer, land, ort, plz, strasse, zusatzzeile) VALUES ('11111111-1111-1111-1111-111111111164', '2016-07-26 00:00:00', '2016-07-26 00:00:00', 'flyway', 'flyway', 0, null, '1000-01-01', '9999-12-31', '8', 'CH', 'Bern', '3007', 'Zieglerstrasse', null);
INSERT INTO adresse (id, timestamp_erstellt, timestamp_mutiert, user_erstellt, user_mutiert, version, gemeinde, gueltig_ab, gueltig_bis, hausnummer, land, ort, plz, strasse, zusatzzeile) VALUES ('11111111-1111-1111-1111-111111111165', '2016-07-26 00:00:00', '2016-07-26 00:00:00', 'flyway', 'flyway', 0, null, '1000-01-01', '9999-12-31', '52', 'CH', 'Bern', '3014', 'Wylerringstrasse', null);
INSERT INTO adresse (id, timestamp_erstellt, timestamp_mutiert, user_erstellt, user_mutiert, version, gemeinde, gueltig_ab, gueltig_bis, hausnummer, land, ort, plz, strasse, zusatzzeile) VALUES ('11111111-1111-1111-1111-111111111166', '2016-07-26 00:00:00', '2016-07-26 00:00:00', 'flyway', 'flyway', 0, null, '1000-01-01', '9999-12-31', '25', 'CH', 'Bern', '3014', 'Wylerstrasse', null);
INSERT INTO adresse (id, timestamp_erstellt, timestamp_mutiert, user_erstellt, user_mutiert, version, gemeinde, gueltig_ab, gueltig_bis, hausnummer, land, ort, plz, strasse, zusatzzeile) VALUES ('11111111-1111-1111-1111-111111111167', '2016-07-26 00:00:00', '2016-07-26 00:00:00', 'flyway', 'flyway', 0, null, '1000-01-01', '9999-12-31', '10', 'CH', 'Bern', '3007', 'Bürenstrasse', null);
INSERT INTO adresse (id, timestamp_erstellt, timestamp_mutiert, user_erstellt, user_mutiert, version, gemeinde, gueltig_ab, gueltig_bis, hausnummer, land, ort, plz, strasse, zusatzzeile) VALUES ('11111111-1111-1111-1111-111111111168', '2016-07-26 00:00:00', '2016-07-26 00:00:00', 'flyway', 'flyway', 0, null, '1000-01-01', '9999-12-31', '28', 'CH', 'Bern', '3006', 'Muristrasse', null);

-- Stammdaten
INSERT INTO institution_stammdaten (id, timestamp_erstellt, timestamp_mutiert, user_erstellt, user_mutiert, version, gueltig_ab, gueltig_bis, betreuungsangebot_typ, iban, oeffnungsstunden, oeffnungstage, institution_id, adresse_id) VALUES ('11111111-1111-1111-1111-111111111101', '2016-07-26 00:00:00', '2016-07-26 00:00:00', 'flyway', 'flyway', 0, '1000-01-01', '9999-12-31', 'KITA', null, 11.50, 240.00, '11111111-1111-1111-1111-111111111101', '11111111-1111-1111-1111-111111111101');
INSERT INTO institution_stammdaten (id, timestamp_erstellt, timestamp_mutiert, user_erstellt, user_mutiert, version, gueltig_ab, gueltig_bis, betreuungsangebot_typ, iban, oeffnungsstunden, oeffnungstage, institution_id, adresse_id) VALUES ('11111111-1111-1111-1111-111111111102', '2016-07-26 00:00:00', '2016-07-26 00:00:00', 'flyway', 'flyway', 0, '1000-01-01', '9999-12-31', 'KITA', null, 11.50, 240.00, '11111111-1111-1111-1111-111111111102', '11111111-1111-1111-1111-111111111102');
INSERT INTO institution_stammdaten (id, timestamp_erstellt, timestamp_mutiert, user_erstellt, user_mutiert, version, gueltig_ab, gueltig_bis, betreuungsangebot_typ, iban, oeffnungsstunden, oeffnungstage, institution_id, adresse_id) VALUES ('11111111-1111-1111-1111-111111111103', '2016-07-26 00:00:00', '2016-07-26 00:00:00', 'flyway', 'flyway', 0, '1000-01-01', '9999-12-31', 'KITA', null, 11.50, 240.00, '11111111-1111-1111-1111-111111111103', '11111111-1111-1111-1111-111111111103');
INSERT INTO institution_stammdaten (id, timestamp_erstellt, timestamp_mutiert, user_erstellt, user_mutiert, version, gueltig_ab, gueltig_bis, betreuungsangebot_typ, iban, oeffnungsstunden, oeffnungstage, institution_id, adresse_id) VALUES ('11111111-1111-1111-1111-111111111104', '2016-07-26 00:00:00', '2016-07-26 00:00:00', 'flyway', 'flyway', 0, '1000-01-01', '9999-12-31', 'KITA', null, 11.50, 244.00, '11111111-1111-1111-1111-111111111104', '11111111-1111-1111-1111-111111111104');
INSERT INTO institution_stammdaten (id, timestamp_erstellt, timestamp_mutiert, user_erstellt, user_mutiert, version, gueltig_ab, gueltig_bis, betreuungsangebot_typ, iban, oeffnungsstunden, oeffnungstage, institution_id, adresse_id) VALUES ('11111111-1111-1111-1111-111111111105', '2016-07-26 00:00:00', '2016-07-26 00:00:00', 'flyway', 'flyway', 0, '1000-01-01', '9999-12-31', 'KITA', null, 11.50, 244.00, '11111111-1111-1111-1111-111111111105', '11111111-1111-1111-1111-111111111105');
INSERT INTO institution_stammdaten (id, timestamp_erstellt, timestamp_mutiert, user_erstellt, user_mutiert, version, gueltig_ab, gueltig_bis, betreuungsangebot_typ, iban, oeffnungsstunden, oeffnungstage, institution_id, adresse_id) VALUES ('11111111-1111-1111-1111-111111111106', '2016-07-26 00:00:00', '2016-07-26 00:00:00', 'flyway', 'flyway', 0, '1000-01-01', '9999-12-31', 'KITA', null, 11.50, 240.00, '11111111-1111-1111-1111-111111111106', '11111111-1111-1111-1111-111111111106');
INSERT INTO institution_stammdaten (id, timestamp_erstellt, timestamp_mutiert, user_erstellt, user_mutiert, version, gueltig_ab, gueltig_bis, betreuungsangebot_typ, iban, oeffnungsstunden, oeffnungstage, institution_id, adresse_id) VALUES ('11111111-1111-1111-1111-111111111107', '2016-07-26 00:00:00', '2016-07-26 00:00:00', 'flyway', 'flyway', 0, '1000-01-01', '9999-12-31', 'KITA', null, 11.50, 240.00, '11111111-1111-1111-1111-111111111107', '11111111-1111-1111-1111-111111111107');
INSERT INTO institution_stammdaten (id, timestamp_erstellt, timestamp_mutiert, user_erstellt, user_mutiert, version, gueltig_ab, gueltig_bis, betreuungsangebot_typ, iban, oeffnungsstunden, oeffnungstage, institution_id, adresse_id) VALUES ('11111111-1111-1111-1111-111111111108', '2016-07-26 00:00:00', '2016-07-26 00:00:00', 'flyway', 'flyway', 0, '1000-01-01', '9999-12-31', 'KITA', null, 11.50, 240.00, '11111111-1111-1111-1111-111111111108', '11111111-1111-1111-1111-111111111108');
INSERT INTO institution_stammdaten (id, timestamp_erstellt, timestamp_mutiert, user_erstellt, user_mutiert, version, gueltig_ab, gueltig_bis, betreuungsangebot_typ, iban, oeffnungsstunden, oeffnungstage, institution_id, adresse_id) VALUES ('11111111-1111-1111-1111-111111111109', '2016-07-26 00:00:00', '2016-07-26 00:00:00', 'flyway', 'flyway', 0, '1000-01-01', '9999-12-31', 'KITA', null, 11.50, 240.00, '11111111-1111-1111-1111-111111111109', '11111111-1111-1111-1111-111111111109');
INSERT INTO institution_stammdaten (id, timestamp_erstellt, timestamp_mutiert, user_erstellt, user_mutiert, version, gueltig_ab, gueltig_bis, betreuungsangebot_typ, iban, oeffnungsstunden, oeffnungstage, institution_id, adresse_id) VALUES ('11111111-1111-1111-1111-111111111110', '2016-07-26 00:00:00', '2016-07-26 00:00:00', 'flyway', 'flyway', 0, '1000-01-01', '9999-12-31', 'KITA', null, 11.50, 240.00, '11111111-1111-1111-1111-111111111110', '11111111-1111-1111-1111-111111111110');
INSERT INTO institution_stammdaten (id, timestamp_erstellt, timestamp_mutiert, user_erstellt, user_mutiert, version, gueltig_ab, gueltig_bis, betreuungsangebot_typ, iban, oeffnungsstunden, oeffnungstage, institution_id, adresse_id) VALUES ('11111111-1111-1111-1111-111111111111', '2016-07-26 00:00:00', '2016-07-26 00:00:00', 'flyway', 'flyway', 0, '1000-01-01', '9999-12-31', 'KITA', null, 11.50, 244.00, '11111111-1111-1111-1111-111111111111', '11111111-1111-1111-1111-111111111111');
INSERT INTO institution_stammdaten (id, timestamp_erstellt, timestamp_mutiert, user_erstellt, user_mutiert, version, gueltig_ab, gueltig_bis, betreuungsangebot_typ, iban, oeffnungsstunden, oeffnungstage, institution_id, adresse_id) VALUES ('11111111-1111-1111-1111-111111111112', '2016-07-26 00:00:00', '2016-07-26 00:00:00', 'flyway', 'flyway', 0, '1000-01-01', '9999-12-31', 'KITA', null, 11.50, 240.00, '11111111-1111-1111-1111-111111111112', '11111111-1111-1111-1111-111111111112');
INSERT INTO institution_stammdaten (id, timestamp_erstellt, timestamp_mutiert, user_erstellt, user_mutiert, version, gueltig_ab, gueltig_bis, betreuungsangebot_typ, iban, oeffnungsstunden, oeffnungstage, institution_id, adresse_id) VALUES ('11111111-1111-1111-1111-111111111113', '2016-07-26 00:00:00', '2016-07-26 00:00:00', 'flyway', 'flyway', 0, '1000-01-01', '9999-12-31', 'KITA', null, 11.50, 244.00, '11111111-1111-1111-1111-111111111113', '11111111-1111-1111-1111-111111111113');
INSERT INTO institution_stammdaten (id, timestamp_erstellt, timestamp_mutiert, user_erstellt, user_mutiert, version, gueltig_ab, gueltig_bis, betreuungsangebot_typ, iban, oeffnungsstunden, oeffnungstage, institution_id, adresse_id) VALUES ('11111111-1111-1111-1111-111111111114', '2016-07-26 00:00:00', '2016-07-26 00:00:00', 'flyway', 'flyway', 0, '1000-01-01', '9999-12-31', 'KITA', null, 11.50, 244.00, '11111111-1111-1111-1111-111111111114', '11111111-1111-1111-1111-111111111114');
INSERT INTO institution_stammdaten (id, timestamp_erstellt, timestamp_mutiert, user_erstellt, user_mutiert, version, gueltig_ab, gueltig_bis, betreuungsangebot_typ, iban, oeffnungsstunden, oeffnungstage, institution_id, adresse_id) VALUES ('11111111-1111-1111-1111-111111111115', '2016-07-26 00:00:00', '2016-07-26 00:00:00', 'flyway', 'flyway', 0, '1000-01-01', '9999-12-31', 'KITA', null, 11.50, 244.00, '11111111-1111-1111-1111-111111111115', '11111111-1111-1111-1111-111111111115');
INSERT INTO institution_stammdaten (id, timestamp_erstellt, timestamp_mutiert, user_erstellt, user_mutiert, version, gueltig_ab, gueltig_bis, betreuungsangebot_typ, iban, oeffnungsstunden, oeffnungstage, institution_id, adresse_id) VALUES ('11111111-1111-1111-1111-111111111116', '2016-07-26 00:00:00', '2016-07-26 00:00:00', 'flyway', 'flyway', 0, '1000-01-01', '9999-12-31', 'KITA', null, 11.00, 240.00, '11111111-1111-1111-1111-111111111116', '11111111-1111-1111-1111-111111111116');
INSERT INTO institution_stammdaten (id, timestamp_erstellt, timestamp_mutiert, user_erstellt, user_mutiert, version, gueltig_ab, gueltig_bis, betreuungsangebot_typ, iban, oeffnungsstunden, oeffnungstage, institution_id, adresse_id) VALUES ('11111111-1111-1111-1111-111111111117', '2016-07-26 00:00:00', '2016-07-26 00:00:00', 'flyway', 'flyway', 0, '1000-01-01', '9999-12-31', 'KITA', null, 11.50, 244.00, '11111111-1111-1111-1111-111111111117', '11111111-1111-1111-1111-111111111117');
INSERT INTO institution_stammdaten (id, timestamp_erstellt, timestamp_mutiert, user_erstellt, user_mutiert, version, gueltig_ab, gueltig_bis, betreuungsangebot_typ, iban, oeffnungsstunden, oeffnungstage, institution_id, adresse_id) VALUES ('11111111-1111-1111-1111-111111111118', '2016-07-26 00:00:00', '2016-07-26 00:00:00', 'flyway', 'flyway', 0, '1000-01-01', '9999-12-31', 'KITA', null, 11.50, 244.00, '11111111-1111-1111-1111-111111111118', '11111111-1111-1111-1111-111111111118');
INSERT INTO institution_stammdaten (id, timestamp_erstellt, timestamp_mutiert, user_erstellt, user_mutiert, version, gueltig_ab, gueltig_bis, betreuungsangebot_typ, iban, oeffnungsstunden, oeffnungstage, institution_id, adresse_id) VALUES ('11111111-1111-1111-1111-111111111119', '2016-07-26 00:00:00', '2016-07-26 00:00:00', 'flyway', 'flyway', 0, '1000-01-01', '9999-12-31', 'KITA', null, 11.50, 244.00, '11111111-1111-1111-1111-111111111119', '11111111-1111-1111-1111-111111111119');
INSERT INTO institution_stammdaten (id, timestamp_erstellt, timestamp_mutiert, user_erstellt, user_mutiert, version, gueltig_ab, gueltig_bis, betreuungsangebot_typ, iban, oeffnungsstunden, oeffnungstage, institution_id, adresse_id) VALUES ('11111111-1111-1111-1111-111111111120', '2016-07-26 00:00:00', '2016-07-26 00:00:00', 'flyway', 'flyway', 0, '1000-01-01', '9999-12-31', 'KITA', null, 11.50, 244.00, '11111111-1111-1111-1111-111111111120', '11111111-1111-1111-1111-111111111120');
INSERT INTO institution_stammdaten (id, timestamp_erstellt, timestamp_mutiert, user_erstellt, user_mutiert, version, gueltig_ab, gueltig_bis, betreuungsangebot_typ, iban, oeffnungsstunden, oeffnungstage, institution_id, adresse_id) VALUES ('11111111-1111-1111-1111-111111111121', '2016-07-26 00:00:00', '2016-07-26 00:00:00', 'flyway', 'flyway', 0, '1000-01-01', '9999-12-31', 'KITA', null, 11.50, 240.00, '11111111-1111-1111-1111-111111111121', '11111111-1111-1111-1111-111111111121');
INSERT INTO institution_stammdaten (id, timestamp_erstellt, timestamp_mutiert, user_erstellt, user_mutiert, version, gueltig_ab, gueltig_bis, betreuungsangebot_typ, iban, oeffnungsstunden, oeffnungstage, institution_id, adresse_id) VALUES ('11111111-1111-1111-1111-111111111122', '2016-07-26 00:00:00', '2016-07-26 00:00:00', 'flyway', 'flyway', 0, '1000-01-01', '9999-12-31', 'KITA', null, 11.00, 244.00, '11111111-1111-1111-1111-111111111122', '11111111-1111-1111-1111-111111111122');
INSERT INTO institution_stammdaten (id, timestamp_erstellt, timestamp_mutiert, user_erstellt, user_mutiert, version, gueltig_ab, gueltig_bis, betreuungsangebot_typ, iban, oeffnungsstunden, oeffnungstage, institution_id, adresse_id) VALUES ('11111111-1111-1111-1111-111111111123', '2016-07-26 00:00:00', '2016-07-26 00:00:00', 'flyway', 'flyway', 0, '1000-01-01', '9999-12-31', 'KITA', null, 11.50, 244.00, '11111111-1111-1111-1111-111111111123', '11111111-1111-1111-1111-111111111123');
INSERT INTO institution_stammdaten (id, timestamp_erstellt, timestamp_mutiert, user_erstellt, user_mutiert, version, gueltig_ab, gueltig_bis, betreuungsangebot_typ, iban, oeffnungsstunden, oeffnungstage, institution_id, adresse_id) VALUES ('11111111-1111-1111-1111-111111111124', '2016-07-26 00:00:00', '2016-07-26 00:00:00', 'flyway', 'flyway', 0, '1000-01-01', '9999-12-31', 'KITA', null, 11.25, 230.00, '11111111-1111-1111-1111-111111111124', '11111111-1111-1111-1111-111111111124');
INSERT INTO institution_stammdaten (id, timestamp_erstellt, timestamp_mutiert, user_erstellt, user_mutiert, version, gueltig_ab, gueltig_bis, betreuungsangebot_typ, iban, oeffnungsstunden, oeffnungstage, institution_id, adresse_id) VALUES ('11111111-1111-1111-1111-111111111125', '2016-07-26 00:00:00', '2016-07-26 00:00:00', 'flyway', 'flyway', 0, '1000-01-01', '9999-12-31', 'KITA', null, 11.50, 244.00, '11111111-1111-1111-1111-111111111125', '11111111-1111-1111-1111-111111111125');
INSERT INTO institution_stammdaten (id, timestamp_erstellt, timestamp_mutiert, user_erstellt, user_mutiert, version, gueltig_ab, gueltig_bis, betreuungsangebot_typ, iban, oeffnungsstunden, oeffnungstage, institution_id, adresse_id) VALUES ('11111111-1111-1111-1111-111111111126', '2016-07-26 00:00:00', '2016-07-26 00:00:00', 'flyway', 'flyway', 0, '1000-01-01', '9999-12-31', 'KITA', null, 11.50, 244.00, '11111111-1111-1111-1111-111111111126', '11111111-1111-1111-1111-111111111126');
INSERT INTO institution_stammdaten (id, timestamp_erstellt, timestamp_mutiert, user_erstellt, user_mutiert, version, gueltig_ab, gueltig_bis, betreuungsangebot_typ, iban, oeffnungsstunden, oeffnungstage, institution_id, adresse_id) VALUES ('11111111-1111-1111-1111-111111111127', '2016-07-26 00:00:00', '2016-07-26 00:00:00', 'flyway', 'flyway', 0, '1000-01-01', '9999-12-31', 'KITA', null, 11.50, 244.00, '11111111-1111-1111-1111-111111111127', '11111111-1111-1111-1111-111111111127');
INSERT INTO institution_stammdaten (id, timestamp_erstellt, timestamp_mutiert, user_erstellt, user_mutiert, version, gueltig_ab, gueltig_bis, betreuungsangebot_typ, iban, oeffnungsstunden, oeffnungstage, institution_id, adresse_id) VALUES ('11111111-1111-1111-1111-111111111128', '2016-07-26 00:00:00', '2016-07-26 00:00:00', 'flyway', 'flyway', 0, '1000-01-01', '9999-12-31', 'KITA', null, 11.50, 240.00, '11111111-1111-1111-1111-111111111128', '11111111-1111-1111-1111-111111111128');
INSERT INTO institution_stammdaten (id, timestamp_erstellt, timestamp_mutiert, user_erstellt, user_mutiert, version, gueltig_ab, gueltig_bis, betreuungsangebot_typ, iban, oeffnungsstunden, oeffnungstage, institution_id, adresse_id) VALUES ('11111111-1111-1111-1111-111111111129', '2016-07-26 00:00:00', '2016-07-26 00:00:00', 'flyway', 'flyway', 0, '1000-01-01', '9999-12-31', 'KITA', null, 11.00, 240.00, '11111111-1111-1111-1111-111111111129', '11111111-1111-1111-1111-111111111129');
INSERT INTO institution_stammdaten (id, timestamp_erstellt, timestamp_mutiert, user_erstellt, user_mutiert, version, gueltig_ab, gueltig_bis, betreuungsangebot_typ, iban, oeffnungsstunden, oeffnungstage, institution_id, adresse_id) VALUES ('11111111-1111-1111-1111-111111111130', '2016-07-26 00:00:00', '2016-07-26 00:00:00', 'flyway', 'flyway', 0, '1000-01-01', '9999-12-31', 'KITA', null, 11.50, 240.00, '11111111-1111-1111-1111-111111111130', '11111111-1111-1111-1111-111111111130');
INSERT INTO institution_stammdaten (id, timestamp_erstellt, timestamp_mutiert, user_erstellt, user_mutiert, version, gueltig_ab, gueltig_bis, betreuungsangebot_typ, iban, oeffnungsstunden, oeffnungstage, institution_id, adresse_id) VALUES ('11111111-1111-1111-1111-111111111131', '2016-07-26 00:00:00', '2016-07-26 00:00:00', 'flyway', 'flyway', 0, '1000-01-01', '9999-12-31', 'KITA', null, 11.50, 244.00, '11111111-1111-1111-1111-111111111131', '11111111-1111-1111-1111-111111111131');
INSERT INTO institution_stammdaten (id, timestamp_erstellt, timestamp_mutiert, user_erstellt, user_mutiert, version, gueltig_ab, gueltig_bis, betreuungsangebot_typ, iban, oeffnungsstunden, oeffnungstage, institution_id, adresse_id) VALUES ('11111111-1111-1111-1111-111111111132', '2016-07-26 00:00:00', '2016-07-26 00:00:00', 'flyway', 'flyway', 0, '1000-01-01', '9999-12-31', 'KITA', null, 11.50, 244.00, '11111111-1111-1111-1111-111111111132', '11111111-1111-1111-1111-111111111132');
INSERT INTO institution_stammdaten (id, timestamp_erstellt, timestamp_mutiert, user_erstellt, user_mutiert, version, gueltig_ab, gueltig_bis, betreuungsangebot_typ, iban, oeffnungsstunden, oeffnungstage, institution_id, adresse_id) VALUES ('11111111-1111-1111-1111-111111111133', '2016-07-26 00:00:00', '2016-07-26 00:00:00', 'flyway', 'flyway', 0, '1000-01-01', '9999-12-31', 'KITA', null, 11.50, 244.00, '11111111-1111-1111-1111-111111111133', '11111111-1111-1111-1111-111111111133');
INSERT INTO institution_stammdaten (id, timestamp_erstellt, timestamp_mutiert, user_erstellt, user_mutiert, version, gueltig_ab, gueltig_bis, betreuungsangebot_typ, iban, oeffnungsstunden, oeffnungstage, institution_id, adresse_id) VALUES ('11111111-1111-1111-1111-111111111134', '2016-07-26 00:00:00', '2016-07-26 00:00:00', 'flyway', 'flyway', 0, '1000-01-01', '9999-12-31', 'KITA', null, 11.50, 240.00, '11111111-1111-1111-1111-111111111134', '11111111-1111-1111-1111-111111111134');
INSERT INTO institution_stammdaten (id, timestamp_erstellt, timestamp_mutiert, user_erstellt, user_mutiert, version, gueltig_ab, gueltig_bis, betreuungsangebot_typ, iban, oeffnungsstunden, oeffnungstage, institution_id, adresse_id) VALUES ('11111111-1111-1111-1111-111111111135', '2016-07-26 00:00:00', '2016-07-26 00:00:00', 'flyway', 'flyway', 0, '1000-01-01', '9999-12-31', 'KITA', null, 11.50, 244.00, '11111111-1111-1111-1111-111111111135', '11111111-1111-1111-1111-111111111135');
INSERT INTO institution_stammdaten (id, timestamp_erstellt, timestamp_mutiert, user_erstellt, user_mutiert, version, gueltig_ab, gueltig_bis, betreuungsangebot_typ, iban, oeffnungsstunden, oeffnungstage, institution_id, adresse_id) VALUES ('11111111-1111-1111-1111-111111111136', '2016-07-26 00:00:00', '2016-07-26 00:00:00', 'flyway', 'flyway', 0, '1000-01-01', '9999-12-31', 'KITA', null, 9.50, 230.00, '11111111-1111-1111-1111-111111111136', '11111111-1111-1111-1111-111111111136');
INSERT INTO institution_stammdaten (id, timestamp_erstellt, timestamp_mutiert, user_erstellt, user_mutiert, version, gueltig_ab, gueltig_bis, betreuungsangebot_typ, iban, oeffnungsstunden, oeffnungstage, institution_id, adresse_id) VALUES ('11111111-1111-1111-1111-111111111137', '2016-07-26 00:00:00', '2016-07-26 00:00:00', 'flyway', 'flyway', 0, '1000-01-01', '9999-12-31', 'KITA', null, 11.50, 244.00, '11111111-1111-1111-1111-111111111137', '11111111-1111-1111-1111-111111111137');
INSERT INTO institution_stammdaten (id, timestamp_erstellt, timestamp_mutiert, user_erstellt, user_mutiert, version, gueltig_ab, gueltig_bis, betreuungsangebot_typ, iban, oeffnungsstunden, oeffnungstage, institution_id, adresse_id) VALUES ('11111111-1111-1111-1111-111111111138', '2016-07-26 00:00:00', '2016-07-26 00:00:00', 'flyway', 'flyway', 0, '1000-01-01', '9999-12-31', 'KITA', null, 11.50, 240.00, '11111111-1111-1111-1111-111111111138', '11111111-1111-1111-1111-111111111138');
INSERT INTO institution_stammdaten (id, timestamp_erstellt, timestamp_mutiert, user_erstellt, user_mutiert, version, gueltig_ab, gueltig_bis, betreuungsangebot_typ, iban, oeffnungsstunden, oeffnungstage, institution_id, adresse_id) VALUES ('11111111-1111-1111-1111-111111111139', '2016-07-26 00:00:00', '2016-07-26 00:00:00', 'flyway', 'flyway', 0, '1000-01-01', '9999-12-31', 'KITA', null, 11.00, 240.00, '11111111-1111-1111-1111-111111111139', '11111111-1111-1111-1111-111111111139');
INSERT INTO institution_stammdaten (id, timestamp_erstellt, timestamp_mutiert, user_erstellt, user_mutiert, version, gueltig_ab, gueltig_bis, betreuungsangebot_typ, iban, oeffnungsstunden, oeffnungstage, institution_id, adresse_id) VALUES ('11111111-1111-1111-1111-111111111140', '2016-07-26 00:00:00', '2016-07-26 00:00:00', 'flyway', 'flyway', 0, '1000-01-01', '9999-12-31', 'KITA', null, 11.50, 244.00, '11111111-1111-1111-1111-111111111140', '11111111-1111-1111-1111-111111111140');
INSERT INTO institution_stammdaten (id, timestamp_erstellt, timestamp_mutiert, user_erstellt, user_mutiert, version, gueltig_ab, gueltig_bis, betreuungsangebot_typ, iban, oeffnungsstunden, oeffnungstage, institution_id, adresse_id) VALUES ('11111111-1111-1111-1111-111111111141', '2016-07-26 00:00:00', '2016-07-26 00:00:00', 'flyway', 'flyway', 0, '1000-01-01', '9999-12-31', 'KITA', null, 11.00, 240.00, '11111111-1111-1111-1111-111111111141', '11111111-1111-1111-1111-111111111141');
INSERT INTO institution_stammdaten (id, timestamp_erstellt, timestamp_mutiert, user_erstellt, user_mutiert, version, gueltig_ab, gueltig_bis, betreuungsangebot_typ, iban, oeffnungsstunden, oeffnungstage, institution_id, adresse_id) VALUES ('11111111-1111-1111-1111-111111111142', '2016-07-26 00:00:00', '2016-07-26 00:00:00', 'flyway', 'flyway', 0, '1000-01-01', '9999-12-31', 'KITA', null, 11.50, 244.00, '11111111-1111-1111-1111-111111111142', '11111111-1111-1111-1111-111111111142');
INSERT INTO institution_stammdaten (id, timestamp_erstellt, timestamp_mutiert, user_erstellt, user_mutiert, version, gueltig_ab, gueltig_bis, betreuungsangebot_typ, iban, oeffnungsstunden, oeffnungstage, institution_id, adresse_id) VALUES ('11111111-1111-1111-1111-111111111143', '2016-07-26 00:00:00', '2016-07-26 00:00:00', 'flyway', 'flyway', 0, '1000-01-01', '9999-12-31', 'KITA', null, 11.50, 244.00, '11111111-1111-1111-1111-111111111143', '11111111-1111-1111-1111-111111111143');
INSERT INTO institution_stammdaten (id, timestamp_erstellt, timestamp_mutiert, user_erstellt, user_mutiert, version, gueltig_ab, gueltig_bis, betreuungsangebot_typ, iban, oeffnungsstunden, oeffnungstage, institution_id, adresse_id) VALUES ('11111111-1111-1111-1111-111111111144', '2016-07-26 00:00:00', '2016-07-26 00:00:00', 'flyway', 'flyway', 0, '1000-01-01', '9999-12-31', 'KITA', null, 11.50, 244.00, '11111111-1111-1111-1111-111111111144', '11111111-1111-1111-1111-111111111144');
INSERT INTO institution_stammdaten (id, timestamp_erstellt, timestamp_mutiert, user_erstellt, user_mutiert, version, gueltig_ab, gueltig_bis, betreuungsangebot_typ, iban, oeffnungsstunden, oeffnungstage, institution_id, adresse_id) VALUES ('11111111-1111-1111-1111-111111111145', '2016-07-26 00:00:00', '2016-07-26 00:00:00', 'flyway', 'flyway', 0, '1000-01-01', '9999-12-31', 'KITA', null, 11.50, 240.00, '11111111-1111-1111-1111-111111111145', '11111111-1111-1111-1111-111111111145');
INSERT INTO institution_stammdaten (id, timestamp_erstellt, timestamp_mutiert, user_erstellt, user_mutiert, version, gueltig_ab, gueltig_bis, betreuungsangebot_typ, iban, oeffnungsstunden, oeffnungstage, institution_id, adresse_id) VALUES ('11111111-1111-1111-1111-111111111146', '2016-07-26 00:00:00', '2016-07-26 00:00:00', 'flyway', 'flyway', 0, '1000-01-01', '9999-12-31', 'KITA', null, 9.00, 225.00, '11111111-1111-1111-1111-111111111146', '11111111-1111-1111-1111-111111111146');
INSERT INTO institution_stammdaten (id, timestamp_erstellt, timestamp_mutiert, user_erstellt, user_mutiert, version, gueltig_ab, gueltig_bis, betreuungsangebot_typ, iban, oeffnungsstunden, oeffnungstage, institution_id, adresse_id) VALUES ('11111111-1111-1111-1111-111111111147', '2016-07-26 00:00:00', '2016-07-26 00:00:00', 'flyway', 'flyway', 0, '1000-01-01', '9999-12-31', 'KITA', null, 11.00, 240.00, '11111111-1111-1111-1111-111111111147', '11111111-1111-1111-1111-111111111147');
INSERT INTO institution_stammdaten (id, timestamp_erstellt, timestamp_mutiert, user_erstellt, user_mutiert, version, gueltig_ab, gueltig_bis, betreuungsangebot_typ, iban, oeffnungsstunden, oeffnungstage, institution_id, adresse_id) VALUES ('11111111-1111-1111-1111-111111111148', '2016-07-26 00:00:00', '2016-07-26 00:00:00', 'flyway', 'flyway', 0, '1000-01-01', '9999-12-31', 'KITA', null, 11.50, 244.00, '11111111-1111-1111-1111-111111111148', '11111111-1111-1111-1111-111111111148');
INSERT INTO institution_stammdaten (id, timestamp_erstellt, timestamp_mutiert, user_erstellt, user_mutiert, version, gueltig_ab, gueltig_bis, betreuungsangebot_typ, iban, oeffnungsstunden, oeffnungstage, institution_id, adresse_id) VALUES ('11111111-1111-1111-1111-111111111149', '2016-07-26 00:00:00', '2016-07-26 00:00:00', 'flyway', 'flyway', 0, '1000-01-01', '9999-12-31', 'KITA', null, 11.50, 240.00, '11111111-1111-1111-1111-111111111149', '11111111-1111-1111-1111-111111111149');
INSERT INTO institution_stammdaten (id, timestamp_erstellt, timestamp_mutiert, user_erstellt, user_mutiert, version, gueltig_ab, gueltig_bis, betreuungsangebot_typ, iban, oeffnungsstunden, oeffnungstage, institution_id, adresse_id) VALUES ('11111111-1111-1111-1111-111111111150', '2016-07-26 00:00:00', '2016-07-26 00:00:00', 'flyway', 'flyway', 0, '1000-01-01', '9999-12-31', 'KITA', null, 11.50, 240.00, '11111111-1111-1111-1111-111111111150', '11111111-1111-1111-1111-111111111150');
INSERT INTO institution_stammdaten (id, timestamp_erstellt, timestamp_mutiert, user_erstellt, user_mutiert, version, gueltig_ab, gueltig_bis, betreuungsangebot_typ, iban, oeffnungsstunden, oeffnungstage, institution_id, adresse_id) VALUES ('11111111-1111-1111-1111-111111111151', '2016-07-26 00:00:00', '2016-07-26 00:00:00', 'flyway', 'flyway', 0, '1000-01-01', '9999-12-31', 'KITA', null, 11.50, 244.00, '11111111-1111-1111-1111-111111111151', '11111111-1111-1111-1111-111111111151');
INSERT INTO institution_stammdaten (id, timestamp_erstellt, timestamp_mutiert, user_erstellt, user_mutiert, version, gueltig_ab, gueltig_bis, betreuungsangebot_typ, iban, oeffnungsstunden, oeffnungstage, institution_id, adresse_id) VALUES ('11111111-1111-1111-1111-111111111152', '2016-07-26 00:00:00', '2016-07-26 00:00:00', 'flyway', 'flyway', 0, '1000-01-01', '9999-12-31', 'KITA', null, 11.50, 235.00, '11111111-1111-1111-1111-111111111152', '11111111-1111-1111-1111-111111111152');
INSERT INTO institution_stammdaten (id, timestamp_erstellt, timestamp_mutiert, user_erstellt, user_mutiert, version, gueltig_ab, gueltig_bis, betreuungsangebot_typ, iban, oeffnungsstunden, oeffnungstage, institution_id, adresse_id) VALUES ('11111111-1111-1111-1111-111111111153', '2016-07-26 00:00:00', '2016-07-26 00:00:00', 'flyway', 'flyway', 0, '1000-01-01', '9999-12-31', 'KITA', null, 11.50, 240.00, '11111111-1111-1111-1111-111111111153', '11111111-1111-1111-1111-111111111153');
INSERT INTO institution_stammdaten (id, timestamp_erstellt, timestamp_mutiert, user_erstellt, user_mutiert, version, gueltig_ab, gueltig_bis, betreuungsangebot_typ, iban, oeffnungsstunden, oeffnungstage, institution_id, adresse_id) VALUES ('11111111-1111-1111-1111-111111111154', '2016-07-26 00:00:00', '2016-07-26 00:00:00', 'flyway', 'flyway', 0, '1000-01-01', '9999-12-31', 'KITA', null, 11.50, 244.00, '11111111-1111-1111-1111-111111111154', '11111111-1111-1111-1111-111111111154');
INSERT INTO institution_stammdaten (id, timestamp_erstellt, timestamp_mutiert, user_erstellt, user_mutiert, version, gueltig_ab, gueltig_bis, betreuungsangebot_typ, iban, oeffnungsstunden, oeffnungstage, institution_id, adresse_id) VALUES ('11111111-1111-1111-1111-111111111155', '2016-07-26 00:00:00', '2016-07-26 00:00:00', 'flyway', 'flyway', 0, '1000-01-01', '9999-12-31', 'KITA', null, 11.50, 244.00, '11111111-1111-1111-1111-111111111155', '11111111-1111-1111-1111-111111111155');
INSERT INTO institution_stammdaten (id, timestamp_erstellt, timestamp_mutiert, user_erstellt, user_mutiert, version, gueltig_ab, gueltig_bis, betreuungsangebot_typ, iban, oeffnungsstunden, oeffnungstage, institution_id, adresse_id) VALUES ('11111111-1111-1111-1111-111111111156', '2016-07-26 00:00:00', '2016-07-26 00:00:00', 'flyway', 'flyway', 0, '1000-01-01', '9999-12-31', 'KITA', null, 11.50, 244.00, '11111111-1111-1111-1111-111111111156', '11111111-1111-1111-1111-111111111156');
INSERT INTO institution_stammdaten (id, timestamp_erstellt, timestamp_mutiert, user_erstellt, user_mutiert, version, gueltig_ab, gueltig_bis, betreuungsangebot_typ, iban, oeffnungsstunden, oeffnungstage, institution_id, adresse_id) VALUES ('11111111-1111-1111-1111-111111111157', '2016-07-26 00:00:00', '2016-07-26 00:00:00', 'flyway', 'flyway', 0, '1000-01-01', '9999-12-31', 'KITA', null, 11.50, 240.00, '11111111-1111-1111-1111-111111111157', '11111111-1111-1111-1111-111111111157');
INSERT INTO institution_stammdaten (id, timestamp_erstellt, timestamp_mutiert, user_erstellt, user_mutiert, version, gueltig_ab, gueltig_bis, betreuungsangebot_typ, iban, oeffnungsstunden, oeffnungstage, institution_id, adresse_id) VALUES ('11111111-1111-1111-1111-111111111158', '2016-07-26 00:00:00', '2016-07-26 00:00:00', 'flyway', 'flyway', 0, '1000-01-01', '9999-12-31', 'KITA', null, 11.50, 244.00, '11111111-1111-1111-1111-111111111158', '11111111-1111-1111-1111-111111111158');
INSERT INTO institution_stammdaten (id, timestamp_erstellt, timestamp_mutiert, user_erstellt, user_mutiert, version, gueltig_ab, gueltig_bis, betreuungsangebot_typ, iban, oeffnungsstunden, oeffnungstage, institution_id, adresse_id) VALUES ('11111111-1111-1111-1111-111111111159', '2016-07-26 00:00:00', '2016-07-26 00:00:00', 'flyway', 'flyway', 0, '1000-01-01', '9999-12-31', 'KITA', null, 11.50, 244.00, '11111111-1111-1111-1111-111111111159', '11111111-1111-1111-1111-111111111159');
INSERT INTO institution_stammdaten (id, timestamp_erstellt, timestamp_mutiert, user_erstellt, user_mutiert, version, gueltig_ab, gueltig_bis, betreuungsangebot_typ, iban, oeffnungsstunden, oeffnungstage, institution_id, adresse_id) VALUES ('11111111-1111-1111-1111-111111111160', '2016-07-26 00:00:00', '2016-07-26 00:00:00', 'flyway', 'flyway', 0, '1000-01-01', '9999-12-31', 'KITA', null, 11.50, 240.00, '11111111-1111-1111-1111-111111111160', '11111111-1111-1111-1111-111111111160');
INSERT INTO institution_stammdaten (id, timestamp_erstellt, timestamp_mutiert, user_erstellt, user_mutiert, version, gueltig_ab, gueltig_bis, betreuungsangebot_typ, iban, oeffnungsstunden, oeffnungstage, institution_id, adresse_id) VALUES ('11111111-1111-1111-1111-111111111161', '2016-07-26 00:00:00', '2016-07-26 00:00:00', 'flyway', 'flyway', 0, '1000-01-01', '9999-12-31', 'KITA', null, 11.50, 240.00, '11111111-1111-1111-1111-111111111161', '11111111-1111-1111-1111-111111111161');
INSERT INTO institution_stammdaten (id, timestamp_erstellt, timestamp_mutiert, user_erstellt, user_mutiert, version, gueltig_ab, gueltig_bis, betreuungsangebot_typ, iban, oeffnungsstunden, oeffnungstage, institution_id, adresse_id) VALUES ('11111111-1111-1111-1111-111111111162', '2016-07-26 00:00:00', '2016-07-26 00:00:00', 'flyway', 'flyway', 0, '1000-01-01', '9999-12-31', 'KITA', null, 11.50, 244.00, '11111111-1111-1111-1111-111111111162', '11111111-1111-1111-1111-111111111162');
INSERT INTO institution_stammdaten (id, timestamp_erstellt, timestamp_mutiert, user_erstellt, user_mutiert, version, gueltig_ab, gueltig_bis, betreuungsangebot_typ, iban, oeffnungsstunden, oeffnungstage, institution_id, adresse_id) VALUES ('11111111-1111-1111-1111-111111111163', '2016-07-26 00:00:00', '2016-07-26 00:00:00', 'flyway', 'flyway', 0, '1000-01-01', '9999-12-31', 'KITA', null, 11.50, 244.00, '11111111-1111-1111-1111-111111111163', '11111111-1111-1111-1111-111111111163');
INSERT INTO institution_stammdaten (id, timestamp_erstellt, timestamp_mutiert, user_erstellt, user_mutiert, version, gueltig_ab, gueltig_bis, betreuungsangebot_typ, iban, oeffnungsstunden, oeffnungstage, institution_id, adresse_id) VALUES ('11111111-1111-1111-1111-111111111164', '2016-07-26 00:00:00', '2016-07-26 00:00:00', 'flyway', 'flyway', 0, '1000-01-01', '9999-12-31', 'KITA', null, 11.50, 244.00, '11111111-1111-1111-1111-111111111164', '11111111-1111-1111-1111-111111111164');
INSERT INTO institution_stammdaten (id, timestamp_erstellt, timestamp_mutiert, user_erstellt, user_mutiert, version, gueltig_ab, gueltig_bis, betreuungsangebot_typ, iban, oeffnungsstunden, oeffnungstage, institution_id, adresse_id) VALUES ('11111111-1111-1111-1111-111111111165', '2016-07-26 00:00:00', '2016-07-26 00:00:00', 'flyway', 'flyway', 0, '1000-01-01', '9999-12-31', 'KITA', null, 11.50, 240.00, '11111111-1111-1111-1111-111111111165', '11111111-1111-1111-1111-111111111165');
INSERT INTO institution_stammdaten (id, timestamp_erstellt, timestamp_mutiert, user_erstellt, user_mutiert, version, gueltig_ab, gueltig_bis, betreuungsangebot_typ, iban, oeffnungsstunden, oeffnungstage, institution_id, adresse_id) VALUES ('11111111-1111-1111-1111-111111111166', '2016-07-26 00:00:00', '2016-07-26 00:00:00', 'flyway', 'flyway', 0, '1000-01-01', '9999-12-31', 'KITA', null, 11.50, 240.00, '11111111-1111-1111-1111-111111111166', '11111111-1111-1111-1111-111111111166');
INSERT INTO institution_stammdaten (id, timestamp_erstellt, timestamp_mutiert, user_erstellt, user_mutiert, version, gueltig_ab, gueltig_bis, betreuungsangebot_typ, iban, oeffnungsstunden, oeffnungstage, institution_id, adresse_id) VALUES ('11111111-1111-1111-1111-111111111167', '2016-07-26 00:00:00', '2016-07-26 00:00:00', 'flyway', 'flyway', 0, '1000-01-01', '9999-12-31', 'KITA', null, 11.50, 238.00, '11111111-1111-1111-1111-111111111167', '11111111-1111-1111-1111-111111111167');
INSERT INTO institution_stammdaten (id, timestamp_erstellt, timestamp_mutiert, user_erstellt, user_mutiert, version, gueltig_ab, gueltig_bis, betreuungsangebot_typ, iban, oeffnungsstunden, oeffnungstage, institution_id, adresse_id) VALUES ('11111111-1111-1111-1111-111111111168', '2016-07-26 00:00:00', '2016-07-26 00:00:00', 'flyway', 'flyway', 0, '1000-01-01', '9999-12-31', 'KITA', null, 11.50, 244.00, '11111111-1111-1111-1111-111111111168', '11111111-1111-1111-1111-111111111168');
